date,time,site,color ,level,amb_C°,C°_top_s,C°_bot_s,C°_top_b ,C°_bot_b,C°_cent_s,C°_cent_b,Humidity,Notes 
5/23/25,10:45,RUB,W,T,24.3,23.4,22.6,22.7,24.2,23.3,22.6,,
5/23/25,10:45:00 AM,RUB,B,B,,31.6,25.5,27.8,30.3,31,31.5,,
5/23/25,11:00,KCAA,B,T,,30.5,28.7,35.4,28,29.5,30.3,,
5/23/25,11:00,KCAA,W,B,,25,24.5,24,25,25.1,24.4,,
5/23/25,11:30,SAB,W,T,,28.5,27.5,27.5,27.3,27.1,27.1,,
5/23/25,11:30:00 AM,SAB,B,B,,28.8,29.8,31.5,32.4,30.3,30.3,,
5/23/25,12:10,GAB,B,T,,31.9,24.7,35.2,27.4,28.3,32,,
5/23/25,12:10,GAB,W,B,,23.6,23.3,22.2,24.7,24.4,24.4,,
5/23/25,13:15,APP,B,T,,36.6,30,41.3,29.4,32.1,32.5,,
5/23/25,13:15,APP,W,B,,24,25.8,24,26.3,26.1,26.4,,
5/23/25,13:47,EIB,W,T,,28.7,28.3,28,28.4,28.5,28.5,,
5/23/25,13:47,EIB,B,B,,29.8,30.1,31.6,31.5,30.6,30.8,,
5/23/25,14:05,SLA,B,T,,31.4,29.5,31.2,31.1,31,30.5,,
5/23/25,14:05,SLA,W,B,,27.2,27.9,27.6,27.7,28.2,28.1,,
5/23/25,14:24,WES ,W,T,,27.5,27.6,27.3,28.1,28.1,27.8,,
5/23/25,14:24,WES ,B,B,,29.5,29.3,31.2,30,30.1,30,,
5/23/25,14:56,SHO,W,T,,28.7,30.3,30,30.3,32.4,32.8,,
5/23/25,14:56,SHO,B,B,,34.2,36.7,39.9,34.5,34.1,34.9,,
5/29/25,10:18,RUB,W,T,20.7,14.2,14.4,14.3,14.4,14.4,13.7,,Overcast
5/29/25,10:18,RUB,B,B,20.7,14.8,14.8,15.8,18.5,16.3,15.6,,Overcast
5/29/25,10:44,CHA,B,T,17.7,18.1,16.7,20.5,17,17.1,17.6,,Overcast
5/29/25,10:44,CHA,W,B,17.7,14.1,14.5,14.5,14.5,14.5,14.6,,Overcast
5/29/25,11:10,COO,W,T,18,15.2,15.3,15.8,15.7,15,15.8,,Overcast
5/29/25,11:10,COO,B,B,18,19.2,17.2,21,18.6,17.1,18.2,,Overcast
5/29/25,11:29,PAL,W,T,16.9,15.1,14.6,15,15.5,15.4,15.7,,Overcast
5/29/25,11:29,PAL,B,B,16.9,18.1,16.2,18.3,18,18.4,18.1,,Overcast
5/29/25,11:42,PAR,B,T,16.7,21.2,16.6,22.9,16.2,16.2,19.3,,"Overcast, Mold"
5/29/25,11:42,PAR,W,B,16.7,14.7,16.1,15.4,15.7,16.1,15.5,,"Overcast, Mold"
5/29/25,11:57,GRE,B,T,20.2,18.1,14.8,17.7,17.1,16.1,16.1,,Overcast
5/29/25,11:57,GRE,W,B,20.2,15.5,15.1,15.2,14.8,13.8,14.3,,Overcast
5/29/25,12:26,GAB,W,T,18.6,17.5,15.2,17.5,15.7,14.4,15.2,,Overcast
5/29/25,12:26,GAB,B,B,18.6,19.3,18,21.1,15.7,16.3,17.1,,Overcast
5/23/25,11:43,CHA,B,T,28.5,35.5,28.4,32.4,30.2,31.7,29.7,,
5/23/25,11:43,CHA,W,B,28.5,25,25,26,24.5,25,24.8,,
5/23/25,12:17,COO,W,T,29.4,27.4,26.1,25.5,26.6,25.7,25.1,,
5/23/25,12:20,COO,B,B,29.4,27.5,32.4,41.4,28.5,29.2,32.2,,
5/23/25,13:25,GAB,W,T,29.5,26.9,26.6,26.3,26.2,25.5,25.4,,
5/23/25,13:25,GAB,B,B,29.5,27.1,29.6,27.7,29,27,27.5,,
5/23/25,14:00,GRE,B,T,30.3,32.1,28.4,33.3,30.9,30.7,33.3,,
5/23/25,14:00,GRE,W,B,30.3,26,26.3,26.6,26.2,26.1,25.8,,
5/23/25,14:25,PAL,W,T,32.2,31.9,31.4,31.6,30.5,30.6,31.3,,
5/23/25,14:25,PAL,B,B,32.2,32.6,33.7,39.5,33.9,32.3,33.2,,
5/23/25,14:46,PAR,B,T,31.5,36.9,35.5,37.1,33.7,35.1,33.7,,
5/23/25,14:46,PAR,W,B,31.5,31.2,30.5,29.8,31.4,30.5,30.2,,
5/29/25,9:48,APP,B,T,20.3,21.4,17.6,21.5,20.7,19.2,21,,Overcast
5/29/25,9:48,APP,W,B,20.3,15.3,15.5,17.1,15,15.3,15.4,,Overcast
5/29/25,10:12,EIB,W,T,21.9,15.5,15.6,15.7,15.1,15.2,15.3,,Overcast
5/29/25,10:12,EIB,B,B,21.9,15.6,16.5,20.5,17.6,16.6,17.9,,Overcast
5/29/25,10:24,SLA,B,T,21.6,18.5,18.5,24.3,18.3,18.1,18.6,,Overcast
5/29/25,10:25,SLA,W,B,21.6,20.8,14.8,15.3,15.1,14.8,15,,Overcast
5/29/25,10:55,GAB,B,T,24.3,15.2,18.5,19.7,19,17.1,18.2,,Overcast
5/29/25,10:56,GAB,W,B,24.3,20.7,14.3,15.1,14.9,14.8,15,,Overcast
5/29/25,11:15,SAB,W,T,20.6,15,15.1,15.6,15,15,15.9,,Overcast
5/29/25,11:17,SAB,B,B,20.5,14.8,16.1,18,18.7,18.5,19.6,,Overcast
5/29/25,11:29,KCAA,B,T,20.7,18.2,15.6,16.5,16.6,15.7,15.1,,Overcast
5/29/25,11:31,KCAA,W,B,21.1,16.9,13.8,14.5,13.7,13.9,14.5,,Overcast
5/29/25,12:17,WES,W,T,19.9,14.3,17,16.8,16.6,17.4,17.3,,Overcast
5/29/25,12:19,WES,B,B,20,17,18.9,19.8,18.6,18.8,19.1,,Overcast
5/29/25,12:53,SHO,B,T,26.3,19.2,18.5,21.7,19.7,17.5,20.2,,Overcast
5/29/25,12:59,SHO,W,B,27.6,19.9,17.2,17.3,17.6,16.2,15.9,,Overcast
6/7/25,10:18,GRE,B,T,24.6,25.8,28.5,36.4,26,29.5,28.5,,sunny + humid 
6/7/25,10:18,GRE,W,B,24.6,23.9,21.8,21.8,22.3,20.2,20.9,,sunny + humid 
6/7/25,10:44,GAB,W,T,26.8,23.9,23.1,22.9,24.6,21.9,22.4,,sunny + humid 
6/7/25,10:44,GAB,B,B,26.8,32.8,25.1,27.2,29.4,28.5,27.7,,sunny + humid 
6/7/25,11:53,COO,W,T,26.4,26,24.3,28.7,26.1,24.5,24.2,,sunny + humid 
6/7/25,11:53,COO,B,B,26.4,27,28.4,36.7,25.2,25.6,30.1,,sunny + humid 
6/7/25,12:15,CHA,B,T,26.5,36.3,29.7,36,30,31.3,34.4,,sunny + humid 
6/7/25,12:15,CHA,W,B,26.5,24.8,25.9,27.6,25.7,25.4,27.1,,sunny + humid 
6/7/25,12:37,RUB,W,T,28,27.7,25.7,26.7,28.1,28.3,26,,sunny + humid 
6/7/25,12:37,RUB,B,B,28,33.7,27.5,26.8,29.5,28.2,28.5,,sunny + humid 
6/7/25,13:18,PAL,W,T,29.3,27.7,27,27.3,27.3,27.6,25.9,,sunny + humid 
6/7/25,13:18,PAL,B,B,29.3,29,29.2,28.2,29.4,29.3,28.5,,sunny + humid 
6/7/25,13:32,PAR,B,T,28.6,37.1,30.5,36.5,30.7,32.6,35.4,,sunny + humid
6/7/25,13:32,PAR,W,B,28.6,27.7,27.9,26.9,28.3,28,27.7,,sunny + humid 
6/7/25,9:54,APP,B,T,22.6,32.7,25.6,29.1,35.3,36.3,29.3,,
6/7/25,9:54,APP,W,B,22.6,22.9,22.1,24.5,21,23.1,20.8,,
6/7/25,10:09,SLA,B,T,24.9,29.6,26.2,36,28,26.4,27,,
6/7/25,10:09,SLA,W,B,24.9,22.4,21.6,21.8,21.4,21.7,21.1,,
6/7/25,10:20,EIB,W,T,27,22.1,22.1,21.8,23.5,20.8,21.5,,
6/7/25,10:20,EIB,B,B,27,33.3,25.3,30.8,31.1,25.8,27.2,,
6/7/25,10:39,GAB,B,T,26.9,31.2,27.3,25.6,26.6,25.6,25.3,,
6/7/25,10:39,GAB,W,B,26.9,23.8,24.3,23,23.7,22.8,23.6,,
6/7/25,10:58,SAB,W,T,26.3,25,25.4,25.3,27.5,25.6,25,,
6/7/25,10:58,SAB,B,B,26.3,29.3,32.1,29,29.1,28.6,28.6,,
6/7/25,11:15,KCAA,B,T,28.6,28.1,27.9,26.7,28.6,25.1,25.6,,
6/7/25,11:15,KCAA,W,B,28.7,24.8,23.4,24.2,23.7,24,24.3,,
6/7/25,11:39,WES ,W,T,25.6,26.1,24.1,25.5,25.1,26,24.5,,
6/7/25,11:39,WES ,B,B,25.6,32.8,26.6,29.3,25.1,28.2,27.8,,
6/7/25,12:01,SHO,B,T,29.4,35.6,27.9,35.7,31.2,28.1,25.1,,
6/7/25,12:01,SHO,W,B,29.4,24.6,22.8,25.1,23.6,23.5,24.5,,
6/13/25,10:30,GAB,B,T,29,30.2,30.5,38.7,35.3,33,32.5,34,
6/13/25,10:30,GAB,W,B,29,29.5,28.1,27.1,26.7,27.4,26.2,34,
6/13/25,10:58,SAB,W,T,29.5,29.5,29.5,29,29,29.1,28.7,57.3,
6/13/25,10:58,SAB,B,B,29.5,30.7,32.2,37.3,35.8,34,34,57.3,
6/13/25,11:19,KCAA,B,T,28,36.1,34.3,36.6,35.2,33.6,34.3,34.3,
6/13/25,11:19,KCAA,W,B,28,31.4,30.8,30.1,29.9,30.1,30,34.3,
6/13/25,12:23,SHO,B,T,35.5,39.6,37,39.9,38.6,38.2,40.3,32.5,
6/13/25,12:23:00 PM,SHO,W,B,35.5,37.7,35.3,34.1,33.8,33.7,33.3,32.5,
6/13/25,13:37,EDI,,,29.2,,,,,,,40.1,
6/13/25,14:40,Colfax,W,T,29.6,29.5,29.7,29.7,29.7,30,30.1,34,LIKELY INDOOR TEMPS
6/13/25,14:00,Colfax,B,B,29.6,31.3,31.6,32.7,33,33.4,33.5,34,LIKELY INDOOR TEMPS
6/13/25,14:24,SLA,B,T,32.2,40.1,38.5,40.3,40.1,37.7,37.5,31,
6/13/25,14:24,SLA,W,B,32.2,34.2,33.6,33.4,33,32,31.9,31,
6/13/25,14:49,EIB,W,T,32.3,33.7,33.6,33.7,33.7,33.8,33.7,40.7,LIKELY INDOOR TEMPS
6/13/25,14:49,EIB,B,B,32.3,34.8,36.9,44.1,42,39.1,38.7,40.7,LIKELY INDOOR TEMPS
6/13/25,15:16,APP,B,T,34.2,37.4,38.8,44.1,42.8,41.2,40.9,23.5,
6/13/25,15:16,APP,W,B,34.2,37.4,34.2,33.8,33.6,33.5,33.1,23.5,
6/20/25,9:13,RUB,W,T,30,33.1,33.2,32.1,31.9,32.2,32,22,
6/20/25,9:13,RUB,B,B,30,38.1,35.4,37.8,39.7,38.7,37.6,22,
6/20/25,9:39,CHA,B,T,31.8,39,37,36.2,36.1,36,36.1,20.2,
6/20/25,9:39,CHA,W,B,31.8,35.1,32.8,32.4,35.8,35.9,31.6,20.2,
6/20/25,10:10,SAM,,,32.3,,,,,,,21.5,
6/20/25,10:40,COO,W,T,36.1,41.1,39,41.4,41.3,36.6,35.7,17.7,
6/20/25,10:40,COO,B,B,36.1,41.2,38.6,40.7,40.8,38.7,40.7,17.7,
6/20/25,11:23,GAB,W,T,34.7,35,34.9,35.3,34.8,34.8,34.9,19,
6/20/25,11:23,GAB,B,B,34.7,40.3,38.8,42.2,41.1,40.3,40.5,19,
6/20/25,12:11,GEO,,,34.6,,,,,,,14.2,
6/20/25,12:59,GRE,B,T,35.4,42,41.2,44.4,42.7,41.7,41,17.7,
6/20/25,12:59,GRE,W,B,35.4,38.9,37.9,37,36.8,36.5,36.2,17.7,
6/20/25,12:59,PAR,B,T,37.4,40.5,40.2,42.8,43.3,41.7,39.8,17.2,
6/20/25,1:26,PAR,W,B,37.4,36.1,36,35.8,36,36,36.1,14.7,LIKELY INDOOR TEMP TAKEN
6/20/25,1:51,PAL,W,T,39.1,37.7,38.3,38.6,38.9,39.2,39,14.7,LIKELY INDOOR TEMP TAKEN
6/20/25,1:51,PAL,B,B,39.1,39.3,40,41.4,41.7,40.8,40.1,19.7,
6/20/25,2:23,STE,,,36.2,,,,,,,,
13/6/25,10:50,CHA,B,T,27.3,36.3,32.8,33.9,34.3,33.7,33.6,40,
13/6/25,10:50,CHA,W,B,27.3,30.1,29.5,29.7,29.6,28.9,28.7,40,
13/6/25,11:20,RUB,W,T,30.3,29.8,29.8,30.3,30.4,30.4,30.3,32.8,
13/6/25,11:20,RUB,B,B,30.3,36.1,34.5,36.9,35.3,35,34.9,32.8,
13/6/25,12:00,MAR,,,32,,,,,,,30,
13/6/25,12:00,STE,,,30.4,,,,,,,32.2,
13/6/25,13:23,PAL,W,T,33.4,31.5,31.6,31.8,32,32.7,32.8,29.2,
13/6/25,13:23,PAL,B,B,33.4,32.6,33.4,34.1,34.6,34.4,34.4,29.2,
13/6/25,13:37,PAR,B,T,31.5,31.5,34,34.5,38.4,36.3,35.4,33.1,
13/6/25,17:07:00 PM,PAR,W,B,31.7,34.4,33.5,33.3,33.4,33.6,33.6,32.5,
13/6/25,14:40,GRE,B,T,33.3,38.5,36.5,39.7,38,37.6,37,24.8,
13/6/25,14:40,GRE,W,B,33.3,35.1,33.8,33.6,33,33,32.7,24.8,
13/6/25,15:15,GAB,W,T,34.1,38.5,36.5,39.7,38,37.6,37,33,
13/6/25,15:15,GAB,B,B,34.1,35.1,33.8,33.6,33,33,32.7,33,
13/6/25,16:14,COO,W,T,31.6,29.9,29.8,29.7,29.8,29.9,30.3,30.2,
13/6/25,16:14,COO,B,B,31.6,32.9,33.2,34.2,35,35.3,34,30.2,
13/6/25,16:47,GEO,,,30.1,,,,,,,22.3,
27/6/25,10:07,KCAA,B,T,29.7,33.1,35.2,41.4,35,33.9,35,28.3,
27/6/25,10:07,KCAA,W,B,29.7,30.5,30.1,29.7,30.8,30.7,30.1,28.3,
27/6/25,10:49,SAB,W,T,32.1,33.5,32.6,33,33.5,33.1,32.8,24.7,
27/6/25,10:49,SAB,B,B,32.1,33.5,36.1,41.3,38,35.3,36.8,24.7,
27/6/25,11:13,JEF,,,34.6,,,,,,,,
27/6/25,11:28,GABL,B,T,35.4,39.7,38,44,38.1,38.2,38.5,30.4,
27/6/25,11:28,GABL,W,B,35.4,34.1,32.6,32.1,32.7,38,32.4,30.4,
27/6/25,12:12,RUB,W,T,34.8,35.7,34.8,35,35,35.3,35.4,34.7,
27/6/25,12:12,RUB,B,B,34.8,42,37.9,37.7,39.7,38.1,37.8,34.7,
27/6/25,12:51,WES,W,T,34.5,34.4,34,34.4,34.4,34.8,34.7,32.8,
27/6/25,12:51,WES,B,B,34.5,36.1,36.2,36.8,37.6,37.4,37.1,32.8,
27/6/25,13:15,EDI,,,32.3,,,,,,,,
27/6/25,13:45,SHO,B,T,33,34.5,34,35.5,35.3,35.1,36.6,31.5,
27/6/25,13:45,SHO,W,B,33,32.5,32.4,32.4,32.5,32.9,33.1,31.5,
27/6/25,14:26,SLA,B,T,36.1,43,37.8,40.7,41,40.6,39.7,33.4,
27/6/25,14:26,SLA,W,B,36.1,32.5,33.5,33.8,33.5,33.8,33.4,33.4,
27/6/25,14:56,EIB,W,T,32.6,35.3,34.6,34.7,34.7,35.5,35.3,24.3,
27/6/25,14:56,EIB,B,B,32.6,37.1,37.2,43.2,39.3,38.7,39.4,24.3,
27/6/25,15:40,APP,B,T,31.5,37.9,38.1,44.9,38.8,38,39.8,28.6,
27/6/25,15:40,APP,W,B,31.5,33.6,32.9,33,33.4,33.3,32.7,28.6,
27/6/25,11:38,CHA,B,T,34.8,42.2,37.6,42.2,40.9,37.8,37.3,20.5,
27/6/25,11:38,CHA,W,B,34.8,34.2,33.5,33.7,32.6,31.3,31.4,20.5,
27/6/25,12:48,SAM,,,32,,,,,,,16.2,
27/6/25,13:28,GABR,W,T,31.8,32,32.3,32.2,32.2,32.3,32.1,16.1,
27/6/25,13:30,GABR,B,B,31.2,33,33.3,33.9,33.1,33.6,34.3,16.1,
27/6/25,14:55,COO,W,T,36.3,37.3,37,36.7,36.9,37,36.8,20.5,
27/6/25,14:55,COO,B,B,36.3,39.8,39.1,38.7,39.3,38.3,38.3,20.5,
27/6/25,17:10,PAL,W,T,32.5,33,33.5,33.5,33.3,33.4,33.3,23.4,
27/6/25,17:10,PAL,B,B,32.5,34.4,34.6,37.1,36.1,35.4,36.1,23.4,
27/6/25,17:36,PAR ,B,T,32.2,36.5,39,43.6,39,36.8,38,16.4,
27/6/25,17:36,PAR ,W,B,32.2,35,33.9,33.4,34,34,33.5,16.4,
27/6/25,19:06,GRE,B,T,33.3,38.2,36.4,35.8,40.3,39.6,38.7,24.1,
27/6/25,19:06,GRE,W,B,33.3,35.4,35,34,33,33.7,33.6,24.1,
5/7/25,9:30,SHO ,B,T,26,34.9,30.7,32.4,36.3,33.8,33.1,39.1,
5/7/25,9:30,SHO ,W,B,26,29.2,27.6,28.1,28.6,28.2,28,39.1,
5/7/25,10:12,MAR,,,27.5,,,,,,,35,
5/7/25,11:09,KCAA,B,T,30.3,35.8,35,38.5,35.6,34.3,35.2,26.7,
5/7/25,11:09,KCAA,W,B,30.3,33,30.8,30.3,31.3,31.5,31.1,26.7,
5/7/25,11:43,SAB,W,T,33.1,32.9,32.2,32.7,32.3,32.3,32.4,27.1,
5/7/25,11:43,SAB,B,B,33.1,33.8,34.7,35.7,36.5,35.2,35.6,27.1,
5/7/25,12:25,JEF,,,35.3,,,,,,,25.3,
5/7/25,12:48,GAB,B,T,31.2,37.7,35.5,40.2,37.8,35.8,38,20.8,
5/7/25,12:48,GAB,W,B,31.2,33.5,32.5,32.1,32.6,32.2,32.2,20.8,
5/7/25,13:47,EIB,W,T,34.3,36.2,35,35.3,35.5,35.7,35.6,22.3,
5/7/25,13:47,EIB,B,B,34.3,36.6,37.1,40,40.7,37,36.9,22.3,
5/7/25,15:00,APP ,T,B,26.5,24.2,24.1,26.4,25.4,25.1,25.6,46.3,Had just rained so humidity was high 
5/7/25,15:00,APP,B,W,26.5,24.4,22.9,23.2,23.4,23,23.1,46.3,
5/7/25,15:45,SLA,T,B,28.2,34.7,30.6,33.6,33.9,31.1,31.6,39.4,
5/7/25,15:45,SLA,B,W,28.2,29,29,29.7,28.6,29.2,29,39.4,
5/7/25,16:28,EDI,,,28.2,,,,,,,30.2,Cloudy
5/7/25,16:51,WES,W,T,27.6,27.4,27,26.7,26.8,27,27.2,33.7,Cloudy
5/7/25,16:51,WES,B,B,27.6,27.8,27.5,28,27.9,27.9,28.6,33.7,
5/7/25,10:52,GAB,W,T,28.2,30.8,29.2,29.1,30.7,34.4,30.2,26.5,
5/7/25,10:52,GAB,B,B,28.2,37.8,31.9,34.4,36.4,35.8,35.1,26.5,
5/7/25,11:39,GRE,B,T,32.5,36.8,36.8,43.6,38.9,35.7,38.4,32,
5/7/25,11:39,GRE,W,B,32.5,33.9,31.6,31.1,31.6,32.3,31.6,32,
5/7/25,12:18,PAR ,B,T,35,41.1,36,42.3,37.3,35.7,36.6,33.3,
5/7/25,12:18,PAR ,W,B,35,32.1,33.3,32.7,32.4,31.9,31.7,33.3,
5/7/25,12:48,PAL,W,T,33,32,31.9,32.1,32.5,33.1,33.2,32,
5/7/25,12:48,PAL,B,B,33,33.4,33.5,34.2,34.8,34.8,35,32,
5/7/25,13:00,STE,,,33.4,,,,,,,31.5,
5/7/25,13:37,GEO ,,,32.5,,,,,,,30.8,
5/7/25,14:29,COO,W,T,36,34,33.1,32.9,33.4,33.4,33.6,34,
5/7/25,14:29,COO,B,B,36,39,35.3,36.7,34.2,36.6,36.5,34,
5/7/25,15:40,CHA,B,T,,36.9,33.3,36,37.8,35.4,35.9,31.9,
5/7/25,15:40,CHA,W,B,,31.9,30.6,30.8,31,31.9,31.5,30.2,
5/7/25,16:13,RUB ,W,T,28.6,28.8,28.2,30.1,28,28.1,28.4,25.6,
5/7/25,16:13,RUB ,B,B,28.6,31.9,30.3,30.8,29.9,29.7,30,25.6,
20/6/25,9:30,MAR,,,28.7,,,,,,,21.2,
20/6/25,10:00,SHO,B,T,31.5,39.3,36.3,37,41.2,37,36.7,28.5,
20/6/25,10:00,SHO,W,B,31.5,34.3,33.3,33.3,33.4,33.3,32.7,28.5,
20/6/25,10:41,EDI,,,36,,,,,,,28.7,
20/6/25,11:21,WES,W,T,35.3,35.5,35,34.6,35,34.9,34.1,27.3,
20/6/25,11:21,WES,B,B,35.3,42.4,37.3,37.2,41.3,30.5,37.8,27.3,
20/6/25,12:00,EIB,W,T,36.8,37.6,37,36.7,36.6,36.6,36.4,16.3,
20/6/25,12:00,EIB,B,B,36,37.8,38.9,38.6,41.8,40,39.6,26.3,
20/6/25,12:41,SLA,B,T,36.9,44.1,41.1,44,41,40,39.6,33.3,
25/7,10:24,MAR,,,24.6,,,,,,,23.6,
25/7,11:01,RUB,W,T,28.5,30.7,29.9,29.8,30.8,30.4,30,26,
25/7,11:01,RUB ,B,B,28.5,43.7,33.7,33.5,33.7,34.6,35.6,26,
25/7,11:37,CHA,B,T,31.2,38.8,33,39.5,38.9,35.4,35.9,30.9,
25/7,11:37,CHA,W,B,31.2,31.6,30.4,32,30.4,30.3,30.4,30.9,
25/7,12:06,SAM,,,30.3,,,,,,,30.4,
25/7,13:01:00 PM,COO,W,T,33.6,33.6,32.9,33.2,33.6,33.4,33,29.9,
25/7,13:01:00 PM,COO,B,B,33.6,33.8,37.1,40.3,39.1,35.9,30.7,29.9,
25/7,14:40,STE,,,33.6,,,,,,,31.6,
25/7,15:03,PAL,W,T,34.1,36.5,36.6,36.9,36.6,36.5,36.3,34.5,
25/7,15:03,PAL,B,B,34.1,37.2,36.9,38.9,38.2,37.6,39.4,34.5,
25/7,15:32,PAR,B,T,32.3,34.9,33.7,36,35,34.4,37.6,29.7,
25/7,15:32,PAR,W,B,32.3,31.6,30.9,30.5,31.2,31.5,31.4,29.7,
25/7,16:08,GRE,B,T,30.3,30.9,31,31.4,31.5,31.5,32,28.4,
25/7,16:08,GRE,W,B,30.3,29.7,29.6,29.1,29.2,29.2,29.2,28.4,
25/7,16:54,GAB,W,T,28.7,28.3,28.3,28.1,28.4,28.8,20.7,26.6,
25/7,16:54,GAB,B,B,28.7,29.9,29.5,30.8,30.2,30,30,26.6,
11/07/25,10:35,APP,B,T,29.6,33,30.4,32.9,33.9,31.5,31.4,33.1,
11/07/25,10:35,APP,W,B,29.6,28.5,28,28.6,27.9,27.4,27.1,33.1,
11/07/25,11:17,SLA,B,T,30.1,29.1,28.8,32.7,30.2,28.6,28.3,32,
11/07/25,11:17,SLA,W,B,30.1,27.3,27,26.2,26.2,26.3,26,32,
11/07/25,11:44,EDI,,,31.2,,,,,,,31.2,
11/07/25,12:05,SHO,B,T,32.7,39,38.4,38.7,39,37.5,37.8,29.4,
11/07/25,12:05,SHO,W,B,32.7,34.3,33.6,32.5,31.6,31.5,31.5,29.4,
11/07/25,12:34,WES,W,T,32.5,29.8,28.7,29.1,29.2,29.5,29.5,31.2,
11/07/25,12:34,WES,B,B,32.5,30.9,31,31.1,31.3,31.4,31,31.2,
11/07/25,,KCA,B,T,28.5,36,33,35.2,33.2,32.6,32.6,27.8,
11/07/25,,KCA,B,W,28.5,31,30.9,30.3,30.1,29.9,29.7,27.8,
11/07/25,,SAB,W,T,35.5,34,33.1,33.4,33,32.5,32.2,28,
11/07/25,,SAB,B,B,35.5,35.2,34,33.6,36,35.1,34.3,28,
11/07/25,,GABL,B,T,31.2,35.3,33.3,34.4,33.8,33.6,34.1,28.2,
11/07/25,,GABL,W,B,31.2,32.5,31.2,31.3,31,30.3,30.2,28.2,
11/07/25,,JEF,,,30.3,,,,,,,27.9,
11/07/25,,EIB,W,T,30,30.1,30,29.6,30,30.2,30.1,28.5,
11/07/25,,EIB,B,B,30,30.6,30.2,31,31,30.6,31,28.5,
11/07/25,10:15,GRE,B,T,26,,,,,,,,
11/07/25,10:15,GRE,W,B,26,,,,,,,,
11/07/25,,,,,,,,,,,,,
11/07/25,,,,,,,,,,,,,
11/07/25,,,,,,,,,,,,,
11/07/25,,,,,,,,,,,,,
11/07/25,,,,,,,,,,,,,
11/07/25,,,,,,,,,,,,,
11/07/25,,,,,,,,,,,,,
11/07/25,,,,,,,,,,,,,
11/07/25,,,,,,,,,,,,,
11/07/25,,,,,,,,,,,,,
11/07/25,,,,,,,,,,,,,
11/07/25,,,,,,,,,,,,,
11/07/25,,,,,,,,,,,,,
11/07/25,,,,,,,,,,,,,
11/07/25,,,,,,,,,,,,,
18/07/25,8:59,APP,B,T,27.4,36.7,31.9,31,35.7,32.7,33,43.3,
,8:59,APP,W,B,27.4,25.8,27.4,28.7,26.8,27,26.5,43.3,
18/07/25,9:39,EIB,W,T,29.3,28.8,28.4,27.7,28.3,28,27.3,38.8,
18/07/25,9:39,EIB,B,B,29.3,35.3,32.1,33.4,35.4,33,32.7,38.8,
18/07/25,10:01,SLA,B,T,30.7,35.6,37.1,40.6,36,33.1,32.9,33.3,
18/07/25,10:01,SLA,W,B,30.7,30,28.5,28.6,28.8,28.6,28.2,33.3,
18/07/25,10:26,EDI,,,31.5,,,,,,,31.1,
18/07/25,10:52,SHO,B,T,35.2,44.1,37.2,39.9,42.3,40.4,40.2,25.6,
18/07/25,10:52,SHO,W,B,35.2,34,32.9,33.1,33.4,33,32.6,25.6,
18/07/25,11:24,WES,W,T,32.1,33.8,32.3,32,32.5,32.4,31.8,25.6,
18/07/25,11:24,WES,B,B,32.1,39.9,35.1,34.8,37.1,35.7,35.8,25.6,
18/07/25,12:03,GABL,B,T,30.7,37.2,35,37.7,36.6,35.8,38.1,31.5,
18/07/25,12:03,GABL,W,B,30.7,31.5,31,31.1,31.2,31.3,31.1,31.5,
18/07/25,12:30,JEF,,,32.4,,,,,,,26.7,
18/07/25,12:54,SAB,W,T,34.3,35,35.2,35.1,34,34.3,34.5,25.7,
18/07/25,12:54,SAB,B,B,34.3,37.9,37.1,37,38,37,37.2,25.7,
18/07/25,13:14,KCA,B,T,32.1,38.6,35.8,37.8,38,39,39,24.2,
18/07/25,13:14,KCA,W,B,32.1,33.4,33.4,35.2,33.3,34,34.2,24.2,
18/07/25,14:02,MAR,,,31.4,,,,,,,25.3,
18/07/25,10:58,COO,W,T,,,,,,,,,
18/07/25,10:58,COO,B,B,,,,,,,,,
18/07/25,12:04,GW,,,,,,,,,,,
18/07/25,12:25,PAL,W,T,,,,,,,,,
18/07/25,12:25,PAL,B,B,,,,,,,,,
18/07/25,13:22,PAR,B,T,,,,,,,,,
18/07/25,13:22,PAR,W,B,,,,,,,,,
18/07/25,14:37,GRE,B,T,,,,,,,,,
18/07/25,14:37,GRE,W,B,,,,,,,,,
18/07/25,15:37,GAB,W,T,,,,,,,,,
18/07/25,15:37,GAB,B,B,,,,,,,,,
18/07/25,17:06,CHA,B,T,,,,,,,,,
18/07/25,17:06,CHA,W,B,,,,,,,,,
18/07/25,17:40,RUB,W,T,,,,,,,,,
18/07/25,17:40,RUB,B,B,,,,,,,,,
08/01/25,9:44,GABL,B,T,21.1,29.6,28.4,39.7,34,29.8,30,21.1,
08/01/25,9:44,GABL,W,B,21.1,29.1,24.7,23.4,24.5,24.3,24.2,21.1,
08/01/25,10:42,SAB,W,T,25.6,26.4,25.7,26.2,26.4,26,26,25.1,
08/01/25,10:42,,B,B,25.6,27.6,29.8,35,31.2,30.9,29.5,25.1,
08/01/25,11:00,KCA,B,T,25.9,31.1,28.4,33,35.8,27.6,27.5,24.8,
08/01/25,11:00,KCA,W,B,25.9,28.1,25.9,25.4,25.6,25.4,25.4,24.8,
08/01/25,11:48,WES,W,T,26.4,26.3,24.3,26,26.3,26.2,26,27.5,
08/01/25,11:48,WES,B,B,26.4,32.7,28,28.5,28.4,28.2,28.4,27.5,
08/01/25,12:18,SHO,B,T,28.8,41.4,35.4,34.2,39.2,36.9,37.1,28.5,
08/01/25,12:18,SHO,W,B,28.8,38.5,32,31.6,32.4,32.6,31.7,28.5,
08/01/25,1:37,SLA,B,T,23.8,24.7,24.8,25.8,25.2,25.4,26.3,22.7,
08/01/25,1:37,SLA,W,B,23.8,24.2,24.2,24.1,24.4,24,24.4,22.7,
08/01/25,2:16,EIB,W,T,23.5,23.4,23.6,23.2,24.2,24.3,24.6,22.8,
08/01/25,2:16,EIB,B,B,23.5,24.8,24.9,25.2,25.4,25.4,25.7,22.8,
08/01/25,2:59,APP,B,T,,,,,,,,,
08/01/25,2:59,APP,W,B,,,,,,,,,
08/01/25,10:15,RUB,W,T,27.9,27.5,27.5,27.7,27,27.3,27.2,27.1,
08/01/25,10:15,,B,B,30.2,29.1,28.8,29.3,30,29.6,29.7,27.1,
08/01/25,11:30,CHA,W,B,29.9,30.1,29.7,30.6,30.4,29.7,30.6,31.2,
08/01/25,11:30,,B,T,29.9,38.1,35.4,36.4,36.7,35.5,35,31.2,
08/01/25,13:03,COO,W,T,33.9,34.7,34.7,35,35,35,34.8,33.11,
08/01/25,13:03,COO,B,B,33.9,35.4,37,40.7,39.8,37.5,37.9,33.1,
08/01/25,13:40,PAL,W,T,34.9,38.5,39.1,401,39.9,39.5,39.3,33,
08/01/25,13:40,PAL,B,B,34.9,40.7,41,40.6,40.4,39.8,41.3,33,
08/01/25,14:40,PAR,B,T,34.3,38.5,37.6,39.1,40.8,39.6,40.4,34.9,
08/01/25,14:40,PAR,W,B,34.3,35.1,34.5,34.3,34.7,34.8,33,34.9,
08/01/25,15:09,GRE,B,T,35.3,37,35.3,36.2,36.3,35.8,37,33.2,
08/01/25,15:09,GRE,W,B,35.3,35,34,33,33.1,33.3,33.6,33.2,
08/01/25,15:53,GAB,W,T,35,34.1,34.4,34.3,34.4,34.7,34.6,32.7,
08/01/25,15:53,GAB,B,B,35,35.6,35.7,37.4,36.4,36.2,35.9,32.7,
08/01/25,10:59,,,,,,,,,,,,
08/01/25,10:59,,,,,,,,,,,,
08/01/25,11:30,,,,,,,,,,,,
08/01/25,11:30,,,,,,,,,,,,
08/01/25,11:56,,,,,,,,,,,,
08/01/25,11:56,,,,,,,,,,,,
08/01/25,12:18,,,,,,,,,,,,
08/01/25,12:18,,,,,,,,,,,,
08/01/25,,,,,,,,,,,,,
08/01/25,14:51,,,,,,,,,,,,
08/01/25,15:09,,,,,,,,,,,,
08/01/25,,,,,,,,,,,,,
08/01/25,,,,,,,,,,,,,
08/01/25,,,,,,,,,,,,,
08/01/25,,,,,,,,,,,,,
08/01/25,,,,,,,,,,,,,
08/01/25,,,,,,,,,,,,,
08/01/25,,,,,,,,,,,,,
08/01/25,,,,,,,,,,,,,
08/01/25,,,,,,,,,,,,,
08/01/25,,,,,,,,,,,,,
08/01/25,,,,,,,,,,,,,
08/01/25,,,,,,,,,,,,,
08/01/25,,,,,,,,,,,,,
08/01/25,,,,,,,,,,,,,
08/01/25,,,,,,,,,,,,,
08/01/25,,,,,,,,,,,,,
08/01/25,,,,,,,,,,,,,
08/01/25,,,,,,,,,,,,,
08/01/25,,,,,,,,,,,,,