"site_code","treatment","avg_mass","avg_seeds","avg_length","avg_width","avg_volume","prop_cylindrical","avg_seed_mass_ratio","n_cucumbers","Site","Area_m2","Plots","Lat","Long","estYear","WealthIndex","PovertyIndex","DiversityIndex","MedNetWorth","MedHomeVal","VacantHU","RenterHU","tcc_200m","imp_200m","tcc_500m","tcc_1000m","imp_500m","CWD_m2","wood_m2","FWD_m2","logs","bareground_m2","floral_area_m2","dev_high_500m","dev_low_500m","wetland_500m","water_500m","dev_high_1000m","dev_low_1000m","water_1000m","wetland_1000m","shrub_grass_1000m","gbif.rich","gbif.shannon","gbif.simpson","inat.rich","inat.shannon","inat.simpson","floral.obs"
"APP","Control",153.285,24,117.685,42.32,150,0.5,0.164035548807605,2,"Applewood Community Garden",627,28,39.76071279,-105.1446095,2007,240,10,37.9,931938,889706,23,101,10.1811594202899,47.8188405797101,10.2355658198614,12.4965457685665,51.743648960739,0,137.4375,0,0,2.66,173,0.521939953810624,0.476905311778291,0.00115473441108545,0,0.3664363845711,0.58923431203224,0.0400115141047784,0.00431778929188256,0,113.773960216998,74.8696488085985,46.6818181818183,95,66.37421467101,44.6523867809058,191
"APP","Pollinated",90.657,51.6666666666667,88.58,42.1733333333333,263.333333333333,0.333333333333333,0.447451484287634,3,"Applewood Community Garden",627,28,39.76071279,-105.1446095,2007,240,10,37.9,931938,889706,23,101,10.1811594202899,47.8188405797101,10.2355658198614,12.4965457685665,51.743648960739,0,137.4375,0,0,2.66,173,0.521939953810624,0.476905311778291,0.00115473441108545,0,0.3664363845711,0.58923431203224,0.0400115141047784,0.00431778929188256,0,113.773960216998,74.8696488085985,46.6818181818183,95,66.37421467101,44.6523867809058,191
"CHA","Control",118.598333333333,63.8333333333333,93.725,47.7983333333333,136.666666666667,0.333333333333333,0.56484164356112,6,"Charles Hay Community Garden",459,25,39.65845813,-104.9720575,2011,99,60,51,148202,665720,64,544,12.7071428571429,43.0928571428571,15.2661290322581,15.4670693126258,45.2534562211982,10.715,36.145,0,0,0,154.942,0.294930875576037,0.705069124423963,0,0,0.309462180040265,0.690537819959735,0,0,0,86.8508771929825,93.7230817054042,117.166666666667,60,48.6293682580748,38.6285714285714,104
"CHA","Pollinated",113.058714285714,85.5,95.6657142857143,48.1957142857143,108.333333333333,0.428571428571429,1.0347266794789,7,"Charles Hay Community Garden",459,25,39.65845813,-104.9720575,2011,99,60,51,148202,665720,64,544,12.7071428571429,43.0928571428571,15.2661290322581,15.4670693126258,45.2534562211982,10.715,36.145,0,0,0,154.942,0.294930875576037,0.705069124423963,0,0,0.309462180040265,0.690537819959735,0,0,0,86.8508771929825,93.7230817054042,117.166666666667,60,48.6293682580748,38.6285714285714,104
"COO","Control",190.005,69,118.16,49.75,350,0.5,0.212897253933971,2,"Cook Park Community Garden",1364,48,39.6858968,-104.9202609,2021,172,40,52.9,717011,684290,11,115,11.7357142857143,43.8857142857143,13.3302646720368,12.2594936708861,45.590333716916,8,198.105,0,3,6.7875,418.896,0.360184119677791,0.63981588032221,0,0,0.357019562715765,0.642980437284235,0,0,0,130.388305322129,109.091060244464,79.2461538461538,75,47.7221119233451,29.8414414414415,182
"COO","Pollinated",193.240909090909,103.272727272727,116.052727272727,55.8709090909091,200.909090909091,0.545454545454545,0.544848731109497,11,"Cook Park Community Garden",1364,48,39.6858968,-104.9202609,2021,172,40,52.9,717011,684290,11,115,11.7357142857143,43.8857142857143,13.3302646720368,12.2594936708861,45.590333716916,8,198.105,0,3,6.7875,418.896,0.360184119677791,0.63981588032221,0,0,0.357019562715765,0.642980437284235,0,0,0,130.388305322129,109.091060244464,79.2461538461538,75,47.7221119233451,29.8414414414415,182
"EDI","Control",158.799285714286,45,100.842857142857,54.8357142857143,165.714285714286,0.714285714285714,0.29270669933426,7,"Edison School Community Garden",523,21,39.76548756,-105.0395583,2009,132,23,48.2,400872,852482,51,467,14.6,44.45,16.2528735632184,15.0135057471264,48.3459770114943,1.875,114.04,0,0,0,171.295,0.390804597701149,0.609195402298851,0,0,0.427011494252874,0.572988505747126,0,0,0,118.727699530516,111.821469239593,75.3030303030302,51,32.6928472155839,20.5471698113207,132
"EDI","Pollinated",133.682333333333,54.6666666666667,97.665,53.4816666666667,140,0.5,0.384244988821824,6,"Edison School Community Garden",523,21,39.76548756,-105.0395583,2009,132,23,48.2,400872,852482,51,467,14.6,44.45,16.2528735632184,15.0135057471264,48.3459770114943,1.875,114.04,0,0,0,171.295,0.390804597701149,0.609195402298851,0,0,0.427011494252874,0.572988505747126,0,0,0,118.727699530516,111.821469239593,75.3030303030302,51,32.6928472155839,20.5471698113207,132
"EIB","Control",145.4945,48,97.36,55.1225,123.75,0.5,0.328596782268318,4,"Eiber School Community Garden",579,24,39.7370155,-105.1062374,2013,109,49,67.1,331736,919811,35,149,13.5179856115108,43.5323741007194,14.1660899653979,14.0494679321254,49.2572087658593,1.1375,119.26,4.38,0,0,149.111,0.391003460207612,0.608996539792388,0,0,0.370146678170837,0.629853321829163,0,0,0,81.1794871794872,67.3736760134394,47.6666666666665,58,42.4779010665301,30.9364599092284,143
"EIB","Pollinated",277.72,103.5,142,60.845,275,1,0.37634114349661,2,"Eiber School Community Garden",579,24,39.7370155,-105.1062374,2013,109,49,67.1,331736,919811,35,149,13.5179856115108,43.5323741007194,14.1660899653979,14.0494679321254,49.2572087658593,1.1375,119.26,4.38,0,0,149.111,0.391003460207612,0.608996539792388,0,0,0.370146678170837,0.629853321829163,0,0,0,81.1794871794872,67.3736760134394,47.6666666666665,58,42.4779010665301,30.9364599092284,143
"GABL","Control",137.067857142857,45.5714285714286,91.21,54.4542857142857,140.714285714286,0,0.329306587702357,7,"Gables School and Community Garden",734,32,39.67926421,-105.0937713,2017,171,31,55.4,761650,656250,7,56,12.7697841726619,43.410071942446,14.9114942528736,14.85,45.6172413793103,0,119.02,0.34,1,0,154.531,0.349425287356322,0.648275862068965,0,0.00229885057471264,0.389942528735632,0.60948275862069,0.000574712643678161,0,0,130.684210526316,115.007210693561,57,60,47.376880387308,36.7093425605536,103
"GABL","Pollinated",153.8915,56.5,95.6775,57.0525,152.5,0.75,0.351906141310729,4,"Gables School and Community Garden",734,32,39.67926421,-105.0937713,2017,171,31,55.4,761650,656250,7,56,12.7697841726619,43.410071942446,14.9114942528736,14.85,45.6172413793103,0,119.02,0.34,1,0,154.531,0.349425287356322,0.648275862068965,0,0.00229885057471264,0.389942528735632,0.60948275862069,0.000574712643678161,0,0,130.684210526316,115.007210693561,57,60,47.376880387308,36.7093425605536,103
"GABR","Control",168.92,89.25,111.98,51.0925,170,0.75,0.543976308910383,4,"Gabriel Cam Memorial Community Garden",738,30,39.72381522,-104.8309439,2017,64,106,88.7,58150,531690,86,674,9.16058394160584,45.6131386861314,9.729792147806,7.77330264672037,51.5588914549654,2.565,22.8,0,3,0,81.218,0.486143187066975,0.513856812933025,0,0,0.495684695051784,0.503164556962025,0,0.000863060989643268,0.000287686996547756,61.4166666666667,33.9116381845013,17.2297297297297,25,15.5605341902918,9.27062706270627,53
"GABR","Pollinated",179.0325,68,112.185,55.865,187.5,0.75,0.397612760017317,4,"Gabriel Cam Memorial Community Garden",738,30,39.72381522,-104.8309439,2017,64,106,88.7,58150,531690,86,674,9.16058394160584,45.6131386861314,9.729792147806,7.77330264672037,51.5588914549654,2.565,22.8,0,3,0,81.218,0.486143187066975,0.513856812933025,0,0,0.495684695051784,0.503164556962025,0,0.000863060989643268,0.000287686996547756,61.4166666666667,33.9116381845013,17.2297297297297,25,15.5605341902918,9.27062706270627,53
"GRE","Control",191.9175,111.833333333333,117.205,55.0316666666667,195.833333333333,0.833333333333333,0.606280086597347,12,"Greenway Community Garden",776,35,39.75074088,-104.8969895,2008,144,41,68.6,342481,785000,66,527,7.58695652173913,57.0289855072464,7.9816091954023,8.83635317802704,49.0344827586207,2.0575,0.65,0,0,0,179.891,0.539080459770115,0.460919540229885,0,0,0.494966925510498,0.505033074489502,0,0,0,137.913580246914,62.400309814094,25.7142857142857,57,42.1866426716896,31.2520325203252,124
"GRE","Pollinated",189.656666666667,113.666666666667,113.9525,54.9191666666667,192.916666666667,0.75,0.678927198413681,12,"Greenway Community Garden",776,35,39.75074088,-104.8969895,2008,144,41,68.6,342481,785000,66,527,7.58695652173913,57.0289855072464,7.9816091954023,8.83635317802704,49.0344827586207,2.0575,0.65,0,0,0,179.891,0.539080459770115,0.460919540229885,0,0,0.494966925510498,0.505033074489502,0,0,0,137.913580246914,62.400309814094,25.7142857142857,57,42.1866426716896,31.2520325203252,124
"GW","Control",162.69,87.6666666666667,101.946666666667,45.13,161.666666666667,0.666666666666667,1.1546829872589,3,"GW School and Community Garden",474,13,39.70479323,-104.9149051,2016,157,82,64.5,564915,695000,17,133,3.46428571428571,53.0357142857143,7.11967779056387,9.61702127659574,52.3452243958573,0,37.44,0,1,12.2075,123.114,0.567318757192175,0.432681242807825,0,0,0.502300172512938,0.497699827487062,0,0,0,81.6194029850746,61.3279311434442,38.1206896551725,49,38.5708711382307,29.6877828054298,81
"GW","Pollinated",87.4,22,96.12,40.77,100,0,0.251716247139588,1,"GW School and Community Garden",474,13,39.70479323,-104.9149051,2016,157,82,64.5,564915,695000,17,133,3.46428571428571,53.0357142857143,7.11967779056387,9.61702127659574,52.3452243958573,0,37.44,0,1,12.2075,123.114,0.567318757192175,0.432681242807825,0,0,0.502300172512938,0.497699827487062,0,0,0,81.6194029850746,61.3279311434442,38.1206896551725,49,38.5708711382307,29.6877828054298,81
"JEF","Control",NA,NA,NA,NA,NA,NA,NA,0,"Jefferson Green Community Garden",1104,28,39.65720004,-105.0984888,2019,66,41,65.5,153239,407595,56,466,13.8978102189781,45.5109489051095,12.2667436489607,10.0506474820144,47.1916859122402,0,175.9325,0,3,5.39,226.324,0.441108545034642,0.558891454965358,0,0,0.356258992805755,0.50589928057554,0.000863309352517986,0.0989928057553957,0.0379856115107914,172.531914893617,99.4379747817817,58.4023668639054,92,62.0891194896476,42.0823970037453,212
"JEF","Pollinated",NA,NA,NA,NA,NA,NA,NA,0,"Jefferson Green Community Garden",1104,28,39.65720004,-105.0984888,2019,66,41,65.5,153239,407595,56,466,13.8978102189781,45.5109489051095,12.2667436489607,10.0506474820144,47.1916859122402,0,175.9325,0,3,5.39,226.324,0.441108545034642,0.558891454965358,0,0,0.356258992805755,0.50589928057554,0.000863309352517986,0.0989928057553957,0.0379856115107914,172.531914893617,99.4379747817817,58.4023668639054,92,62.0891194896476,42.0823970037453,212
"KCA","Control",80.06,45.25,79.795,42.9525,100,0,0.561173321359554,4,"KCAA Community Studio Garden",332,18,39.67568994,-105.038795,2015,106,75,83.9,328750,589713,11,127,12.15,46.25,14.032183908046,14.710632183908,41.2873563218391,2.11,80.945,0,0,4.395,52.937,0.252873563218391,0.716091954022989,0.00229885057471264,0.028735632183908,0.23735632183908,0.736206896551724,0.0241379310344828,0.00229885057471264,0,122.333333333333,101.104036072715,70,50,42.534023024532,35.3720930232558,78
"KCA","Pollinated",75.2533333333333,23.6666666666667,83.2366666666667,40.0833333333333,76.6666666666667,0.333333333333333,0.298829448056675,3,"KCAA Community Studio Garden",332,18,39.67568994,-105.038795,2015,106,75,83.9,328750,589713,11,127,12.15,46.25,14.032183908046,14.710632183908,41.2873563218391,2.11,80.945,0,0,4.395,52.937,0.252873563218391,0.716091954022989,0.00229885057471264,0.028735632183908,0.23735632183908,0.736206896551724,0.0241379310344828,0.00229885057471264,0,122.333333333333,101.104036072715,70,50,42.534023024532,35.3720930232558,78
"MAR","Control",153.843333333333,71.6666666666667,116.363333333333,48.73,156.666666666667,0.666666666666667,0.56320335539638,3,"Market Station Community Garden",489,33,39.75069957,-104.9979256,2017,105,109,55.9,101171,1080135,560,2466,0.294964028776978,85.158273381295,0.570114942528736,1.20735209649627,82.1057471264368,0,5.75,0,0,0,34.947,1,0,0,0,0.95807007466973,0.04192992533027,0,0,0,193.054942528736,135.850560656813,93.8284518828452,34,26.3275214981617,20.6868686868687,64
"MAR","Pollinated",155.7965,71.8333333333333,103.661666666667,53.1216666666667,156.666666666667,0.5,0.439459930001189,6,"Market Station Community Garden",489,33,39.75069957,-104.9979256,2017,105,109,55.9,101171,1080135,560,2466,0.294964028776978,85.158273381295,0.570114942528736,1.20735209649627,82.1057471264368,0,5.75,0,0,0,34.947,1,0,0,0,0.95807007466973,0.04192992533027,0,0,0,193.054942528736,135.850560656813,93.8284518828452,34,26.3275214981617,20.6868686868687,64
"PAL","Control",153.36,43,104.34,45.525,155,0,0.244990520996611,2,"Palmer School Community Garden",649,20,39.73170041,-104.9249383,2001,138,28,46,372190,877747,28,380,14.6214285714286,43.3071428571429,14.2218390804598,14.6776883266245,45.035632183908,0,129.1329,0,0,0,131.517,0.280459770114943,0.719540229885058,0,0,0.275733179988499,0.724266820011501,0,0,0,87.32,62.2553442458632,27.4999999999999,39,30.5444568653944,24.1428571428571,78
"PAL","Pollinated",154.79,115.333333333333,125.6,43.4266666666667,150,0.666666666666667,0.740781311664458,3,"Palmer School Community Garden",649,20,39.73170041,-104.9249383,2001,138,28,46,372190,877747,28,380,14.6214285714286,43.3071428571429,14.2218390804598,14.6776883266245,45.035632183908,0,129.1329,0,0,0,131.517,0.280459770114943,0.719540229885058,0,0,0.275733179988499,0.724266820011501,0,0,0,87.32,62.2553442458632,27.4999999999999,39,30.5444568653944,24.1428571428571,78
"PAR","Control",159.174285714286,79.1428571428571,110.571428571429,51.7242857142857,162.857142857143,0.571428571428571,0.495373375928231,7,"Park Hill School Garden",738,16,39.74455504,-104.9288718,1995,243,17,42.2,1016686,1075368,13,186,22.0575539568345,37.7553956834532,17.7249712313003,15.9432276657061,39.8285385500575,1.3,17.4225,4.8,0,11.47,225.194,0.177215189873418,0.822784810126582,0,0,0.176657060518732,0.823342939481268,0,0,0,105.38125,74.7356686778644,31.3333333333333,98,68.5977849272838,44.7378640776698,192
"PAR","Pollinated",161.108,60.2,96.712,58.592,164,0.4,0.359152642994876,5,"Park Hill School Garden",738,16,39.74455504,-104.9288718,1995,243,17,42.2,1016686,1075368,13,186,22.0575539568345,37.7553956834532,17.7249712313003,15.9432276657061,39.8285385500575,1.3,17.4225,4.8,0,11.47,225.194,0.177215189873418,0.822784810126582,0,0,0.176657060518732,0.823342939481268,0,0,0,105.38125,74.7356686778644,31.3333333333333,98,68.5977849272838,44.7378640776698,192
"RUB","Control",179.4275,70,104.365,60.585,182.5,0.25,0.395568448740935,4,"Ruby Hill Park Community Garden",858,56,39.68543288,-105.0059947,2012,62,108,85.5,166829,536585,17,123,6.84057971014493,26.9710144927536,10.2232451093211,8.28887611382581,33.7318757192175,0.765,40.67,2.38,0,0,231.329,0.197928653624856,0.802071346375144,0,0,0.368209255533199,0.629491233112964,0.00229951135383731,0,0,114.75,86.7513652962033,57.0967741935483,79,52.8456462087093,32.0283748925194,193
"RUB","Pollinated",170.84,39,90.32,59.83,170,0,0.228283774291735,1,"Ruby Hill Park Community Garden",858,56,39.68543288,-105.0059947,2012,62,108,85.5,166829,536585,17,123,6.84057971014493,26.9710144927536,10.2232451093211,8.28887611382581,33.7318757192175,0.765,40.67,2.38,0,0,231.329,0.197928653624856,0.802071346375144,0,0,0.368209255533199,0.629491233112964,0.00229951135383731,0,0,114.75,86.7513652962033,57.0967741935483,79,52.8456462087093,32.0283748925194,193
"SAB","Control",155.13425,58.75,102.6325,56.1975,157.5,0.75,0.37346383706956,4,"Sabin School Garden",887,27,39.6597862,-105.0462203,2017,135,21,82.3,610527,568824,28,92,11.3021582733813,43.589928057554,14.7436781609195,14.7429557216791,45.3264367816092,0,488.9025,0,0,0,93.095,0.335632183908046,0.664367816091954,0,0,0.360839562967223,0.609545715928695,0.000575043128234618,0.0221391604370328,0.00690051753881541,164.766964285714,99.5485301379031,60.7024952015355,54,43.7241676552235,35.3020408163266,93
"SAB","Pollinated",162.6625,45,103.1325,55.1325,157.5,0.5,0.312174825955687,4,"Sabin School Garden",887,27,39.6597862,-105.0462203,2017,135,21,82.3,610527,568824,28,92,11.3021582733813,43.589928057554,14.7436781609195,14.7429557216791,45.3264367816092,0,488.9025,0,0,0,93.095,0.335632183908046,0.664367816091954,0,0,0.360839562967223,0.609545715928695,0.000575043128234618,0.0221391604370328,0.00690051753881541,164.766964285714,99.5485301379031,60.7024952015355,54,43.7241676552235,35.3020408163266,93
"SAM","Control",110.645,71.5,92.69,47.4875,111.25,0,0.768795492019001,4,"Samuels School Community Garden",1642,55,39.6434894,-104.8925304,2012,157,75,62,619500,642653,1,112,12.5467625899281,42.6618705035971,16.223623853211,14.0546133946536,38.5045871559633,15.815,135.9875,0.51,0,0,330.368,0.201834862385321,0.798165137614679,0,0,0.433457890198333,0.566542109801667,0,0,0,52.1245421245421,47.8681330040866,33.6818181818182,102,75.0491233870329,52.1604938271605,195
"SAM","Pollinated",120.025,69.25,93.6425,52.87,118.75,0.25,0.57198908156971,4,"Samuels School Community Garden",1642,55,39.6434894,-104.8925304,2012,157,75,62,619500,642653,1,112,12.5467625899281,42.6618705035971,16.223623853211,14.0546133946536,38.5045871559633,15.815,135.9875,0.51,0,0,330.368,0.201834862385321,0.798165137614679,0,0,0.433457890198333,0.566542109801667,0,0,0,52.1245421245421,47.8681330040866,33.6818181818182,102,75.0491233870329,52.1604938271605,195
"SHO","Control",177.7466,54.75,114.902,47.664,190,0.6,0.277400546288769,5,"Shoshone Community Garden",415,12,39.76300286,-105.0094429,1984,108,44,52,159716,944721,265,1580,8.43478260869565,60.9927536231884,9.58016147635525,9.06931262582686,59.6689734717416,0,145.15,0,2,0,51.768,0.809688581314879,0.190311418685121,0,0,0.762438884095485,0.237561115904515,0,0,0,165.093953488372,109.062615736022,68.6397515527952,68,54.1329993549251,38.8675078864353,111
"SHO","Pollinated",178.121,65.3333333333333,115.275,51.7633333333333,190,0.833333333333333,0.372859144102966,6,"Shoshone Community Garden",415,12,39.76300286,-105.0094429,1984,108,44,52,159716,944721,265,1580,8.43478260869565,60.9927536231884,9.58016147635525,9.06931262582686,59.6689734717416,0,145.15,0,2,0,51.768,0.809688581314879,0.190311418685121,0,0,0.762438884095485,0.237561115904515,0,0,0,165.093953488372,109.062615736022,68.6397515527952,68,54.1329993549251,38.8675078864353,111
"SLA","Control",138.309625,57.125,96.31125,54.38625,141.875,0.5,0.419776515238115,8,"Slater Elementary School Community Garden",635,26,39.75227273,-105.0928071,2019,110,37,50.9,343016,685651,20,125,11.2173913043478,42.6739130434783,13.6359447004608,11.7005178365938,35.3306451612903,0,0,0,0,0,157.872,0.0668202764976959,0.933179723502304,0,0,0.0661680092059839,0.850690448791715,0.0299194476409666,0.00805523590333717,0.0451668584579977,114.214375,66.1729404918529,30.2845528455284,58,45.555876446417,35.2975778546713,101
"SLA","Pollinated",101.274166666667,51.6666666666667,84.6583333333333,47.2066666666667,105.833333333333,0.5,0.693761363140849,6,"Slater Elementary School Community Garden",635,26,39.75227273,-105.0928071,2019,110,37,50.9,343016,685651,20,125,11.2173913043478,42.6739130434783,13.6359447004608,11.7005178365938,35.3306451612903,0,0,0,0,0,157.872,0.0668202764976959,0.933179723502304,0,0,0.0661680092059839,0.850690448791715,0.0299194476409666,0.00805523590333717,0.0451668584579977,114.214375,66.1729404918529,30.2845528455284,58,45.555876446417,35.2975778546713,101
"STE","Control",155.85,38,105.41,56.65,150,0,0.243824189926211,1,"Steck School Community Garden",465,17,39.72417131,-104.9382635,1995,272,18,39.7,1360327,1355191,67,208,23.2391304347826,33.9710144927536,20.8471264367816,16.373920552677,40.2942528735632,0.54,194.425,0.385,0,0,135.039,0.224137931034483,0.775862068965517,0,0,0.394070236039148,0.605929763960852,0,0,0,107.55,73.2990145836866,37.6578947368422,38,32.6379678535732,28.1489361702128,63
"STE","Pollinated",155.275,53,106.015,51.4225,162.5,0.5,0.346845482697088,4,"Steck School Community Garden",465,17,39.72417131,-104.9382635,1995,272,18,39.7,1360327,1355191,67,208,23.2391304347826,33.9710144927536,20.8471264367816,16.373920552677,40.2942528735632,0.54,194.425,0.385,0,0,135.039,0.224137931034483,0.775862068965517,0,0,0.394070236039148,0.605929763960852,0,0,0,107.55,73.2990145836866,37.6578947368422,38,32.6379678535732,28.1489361702128,63
"WES","Control",141.27,38.6666666666667,100.913333333333,51.815,150,0.5,0.251024247939492,6,"West Colfax Community Urban Garden",1108,38,39.73521415,-105.0458772,2012,82,101,83.6,140311,693234,162,643,11.4306569343066,41.7153284671533,12.3734104046243,11.7207829591249,45.4867052023121,9.5975,0,1.1475,0,104.04,212.637,0.363005780346821,0.636994219653179,0,0,0.501151410477835,0.498848589522165,0,0,0,147.458333333333,75.8348508511925,33.7225130890052,66,41.2899966861059,26.45,184
"WES","Pollinated",191.755,64.25,108,57.2575,195,0.75,0.290921349665034,4,"West Colfax Community Urban Garden",1108,38,39.73521415,-105.0458772,2012,82,101,83.6,140311,693234,162,643,11.4306569343066,41.7153284671533,12.3734104046243,11.7207829591249,45.4867052023121,9.5975,0,1.1475,0,104.04,212.637,0.363005780346821,0.636994219653179,0,0,0.501151410477835,0.498848589522165,0,0,0,147.458333333333,75.8348508511925,33.7225130890052,66,41.2899966861059,26.45,184
