Site,site_code,date,plant_code,treatment,mass_g,no_seeds,length_mm,width,volume_mL,cylindrical,notes,,
Eiber School Community Garden,EIB,6/24,EIB-pol1-T,Pollinated,320.51,113,159.9,59.4,340,Yes,,,
GW School and Community Garden,GW,6/24,GW-pol2-C,Control,38.65,106,66.65,23.38,35,No,"picked too early, before yellowing",,bunch of tiny
Charles Hay Community Garden,CHA,6/24,CHA-pre-T,Pollinated,56.89,229,97.58,34.32,50,Yes,"picked too early, before yellowing",,"the number isnt wrong, it just has loads of seeds!"
Cook Park Community Garden,COO,6/24,COO-pol1-T,Pollinated,118.47,150,121.03,44.77,130,Yes,,,
Samuels School Community Garden,SAM,6/24,SAM-pol2-C,Control,87.07,96,99.12,36.76,95,No,"picked too early, before yellowing, black spines",,
Cook Park Community Garden,COO,6/24,COO-pol2-C,Control,55.91,,87.51,34.43,,No,"picked too early, before yellowing",I messed up and cant accurately mesure volume,not found for volume mesurements
Slater Elementary School Community Garden,SLA,7/1,SLA-pol2-T,Pollinated,201.034,46,127.33,61.94,220,No,,,
Gables School and Community Garden,GABL,7/1,GABL-pre-C,Control,204.195,26,115.78,66.6,210,No,Cucumber B,,
Slater Elementary School Community Garden,SLA,7/1,SLA-pol1-T,Pollinated,142.821,32,95.76,56.26,145,No,,,
Eiber School Community Garden,EIB,7/1,EIB-pre-C,Control,152.928,71,95.17,57.79,50,No,immature cucumber,,
Gables School and Community Garden,GABL,7/1,GABL-pol2-T,Pollinated,176.347,73,95.17,58.12,200,Yes,,,
Slater Elementary School Community Garden,SLA,7/1,SLA-pol1-C,Control,131.857,43,98.14,60.12,140,No,,,
Gables School and Community Garden,GABL,7/1,GABL-pre-C,Control,179.98,55,102.66,57.31,190,No,Cucumber A,,
Shoshone Community Garden,SHO,7/1,SHO-pol1-T,Pollinated,205.272,62,124.22,59.7,210,Yes,,,
Applewood Community Garden,APP,7/1,APP-pol1-T,Pollinated,129.831,118,115.17,47.59,650,Yes,black spines all over,,
West Colfax Community Urban Garden,WES,7/1,WES-pol1-C,Control,222.86,82,137.86,55.82,230,Yes,,,
West Colfax Community Urban Garden,WES,7/1,WES-pol1-T,Pollinated,306.09,129,140.82,65.06,310,Yes,,,
Eiber School Community Garden,EIB,7/1,EIB-pol2-T,Pollinated,234.93,94,124.1,62.29,210,Yes,,,
Charles Hay Community Garden,CHA,6/27,CHA-pol2-T,Pollinated,105.351,82,109.43,41.25,110,Yes,,,
Market Station Community Garden,MAR,6/27,MAR-pol2-T,Pollinated,175.319,88,135.25,51.55,190,Yes,,,
Shoshone Community Garden,SHO,6/27,SHO-pol?-C,Control,128.133,,120.11,41.05,,Yes,"I messed up, unable to accurately mesure volume.",,
Gables School and Community Garden,GABL,6/27,GABL-pol044-T,Pollinated,171.499,88,113.2,53.83,140,Yes,,,
Edison School Community Garden,EDI,6/27,EDI-pol009-T,Pollinated,179.874,108,123.63,55.71,180,Yes,,,
Sabin School Garden,SAB,6/27,SAB-pol037-C,Control,187.447,89,135.12,54.34,200,Yes,,,
Edison School Community Garden,EDI,6/27,EDI-pol1-C,Control,136.005,32,106.3,47.87,150,No,,,
Edison School Community Garden,EDI,6/27,EDI-pol007-T,Pollinated,157.54,65,126.89,47.5,170,Yes,,,
Shoshone Community Garden,SHO,6/27,SHO-pol2-T,Pollinated,126.184,59,123.38,39.97,130,Yes,,,
Market Station Community Garden,MAR,6/27,MAR-pol1-C,Control,102.21,112,118.75,38.25,100,Yes,,,
Palmer School Community Garden,PAL,7/2,PAL-pre-T,Pollinated,151.8,184,134.91,41.82,150,Yes,,,
Greenway Community Garden,GRE,7/2,GRE-pol1-C,Control,176.98,186,125.4,52.6,130,Yes,,,
Samuels School Community Garden,SAM,7/2,SAM-pol1-T,Pollinated,123.51,186,102.01,52.63,135,No,,,
Charles Hay Community Garden,CHA,7/2,CHA-pol2-C,Control,91.69,31,91.61,34.42,100,No,sickled shape,,
Greenway Community Garden,GRE,7/2,GRE-pol2-C,Control,120.01,89,111.43,47.79,180,Yes,,,
Charles Hay Community Garden,CHA,7/2,CHA-pol1-T,Pollinated,117.49,,92.31,47.02,,No,check about treatment pair,Cucumber missing RA - 4/7,
Palmer School Community Garden,PAL,7/2,PAL-pol2-T,Pollinated,176.98,107,140.89,47.78,180,Yes,,,
Charles Hay Community Garden,CHA,7/2,CHA-pol1-C,Control,93.96,93,100.14,43.86,190,Yes,,,
Ruby Hill Park Community Garden,RUB,7/2,RUB-pol-C,Control,177.19,106,103.57,66.44,190,No,(check plant# says 57),,
Charles Hay Community Garden,CHA,7/2,CHA-pre-C,Control,196.88,91,138.49,48.08,200,Yes,,,
Steck School Community Garden,STE,7/2,STE-pre-T,Pollinated,88.77,33,95.96,47.2,90,No,,,
Greenway Community Garden,GRE,7/2,GRE-pol2-C-a,Control,119.32,70,109.68,49.01,120,Yes,"maybe a repeat, crosscheck mesurements to GRE-pol2-C",,
KCAA Community Studio Garden,KCA,7/5,KCA-pol2-C,Control,85.41,43,84.89,50.99,90,No,,,
Cook Park Community Garden,COO,7/8,COO-pol1-T,Pollinated,161.93,66,108.87,60.34,160,No,,,
Park Hill School Garden,PAR,7/5,PAR-pol2-C,Control,176.36,86,122.42,49.87,180,Yes,,,
Charles Hay Community Garden,CHA,7/8,CHA-pre-T,Pollinated,191.43,75,121.7,59.57,190,Yes,,,
Park Hill School Garden,PAR,7/8,PAR-pol2-C,Control,144.86,66,120.49,42.8,150,Yes,,,
Cook Park Community Garden,COO,7/8,COO-pre-T,Pollinated,203.77,118,127.81,49.72,210,Yes,,,
Park Hill School Garden,PAR,7/8,PAR-pre-C,Control,165.8,54,111.91,55.1,170,No,,,
Samuels School Community Garden,SAM,7/8,SAM-pre-T,Pollinated,187.62,51,119.61,57.1,180,Yes,,,
GW School and Community Garden,GW,7/8,GW-pre-T,Pollinated,87.4,22,96.12,40.77,100,No,,,
Slater Elementary School Community Garden,SLA,7/5,SLA-pol2-C,Control,172.58,54,114.46,57.91,175,No,,,
Slater Elementary School Community Garden,SLA,7/5,SLA-pol1-C,Control,131.64,57,94.77,57.39,130,No,,,
Shoshone Community Garden,SHO,7/5,SHO-pol2-C,Control,108.92,25,92.14,30.03,100,No,,,
West Colfax Community Urban Garden,WES,7/5,WES-pol2-C,Control,141.86,26,124.73,43.75,150,Yes,,,
West Colfax Community Urban Garden,WES,7/5,WES-pre-T,Pollinated,229.22,85,125.53,59.13,230,Yes,bottom of cucumber pinched by fence,,
Applewood Community Garden,APP,7/8,APP-pol1-C,Control,218.46,32,137.16,51,220,Yes,,,
West Colfax Community Urban Garden,WES,7/8,WES-pol-2-c,Control,135.39,44,99.93,51.51,130,No,,,
Cook Park Community Garden,COO,7/11,COO-pol-1-C,Control,324.1,69,148.81,65.07,350,Yes,,,
Market Station Community Garden,MAR,7/10,MAR-pre-c,Control,215.68,53,125.59,54.17,230,Yes,,,
Cook Park Community Garden,COO,7/11,COO-pol-2-t,Pollinated,196.53,82,105.37,59.39,210,No,,,
Samuels School Community Garden,SAM,7/11,SAM-pol-1-c,Control,121.54,32,90.98,48.37,120,No,,,
Steck School Community Garden,STE,7/11,STE-pre-t,Pollinated,236.52,97,134.38,56.75,240,Yes,,,
Samuels School Community Garden,SAM,7/11,SAM-pol-2-c,Control,169.42,77,100.2,64.07,170,No,,,
Market Station Community Garden,MAR,,MAR-pol-1-t,Pollinated,144.58,85,111.85,42.3,150,Yes,,,
Market Station Community Garden,MAR,7/10,MAR-pol-2-c,Pollinated,176.84,167,119.96,47.41,170,Yes,,,
Edison School Community Garden,EDI,7/11,EDI-pol2-c,Control,178.76,37,100.71,60.15,190,Yes,,,
Slater Elementary School Community Garden,SLA,7/11,SLA-pol2-c,Control,108.04,75,101.18,44.13,110,Yes,,,
Edison School Community Garden,EDI,7/11,EDI-pol1-c,Control,155.64,56,112.55,53.48,170,Yes,,,
Gabriel Cam Memorial Community Garden,GABR,7/15,GABR-pol2-c,Control,179.65,84,123.8,48.93,190,Yes,,,
Gables School and Community Garden,GABL,7/11,GABL-pol1-c,Control,110.89,11,99.19,46.39,110,No,,,
Greenway Community Garden,GRE,7/15,GRE-pol2-t,Pollinated,180.89,106,133.56,48.96,180,Yes,,,
Shoshone Community Garden,SHO,7/15,SHO-pol1-c,Control,130.9,29,102.58,49.11,130,No,,,
Park Hill School Garden,PAR,7/15,PAR-pol2-t,Pollinated,166.11,57,110.76,57.65,170,No,,,
Palmer School Community Garden,PAL,7/15,PAL-pol1-c,Control,189.22,75,112.82,41.46,190,No,,,
Shoshone Community Garden,SHO,7/15,SHO-pre-c,Control,284.8,56,134.26,59.56,290,Yes,,,
GW School and Community Garden,GW,7/15,GW-pol2-c,Control,208.43,108,131.81,51.86,210,Yes,,,
Gables School and Community Garden,GABL,7/11,GABL-pol1-t,Pollinated,177.41,44,99.52,68.09,180,Yes,,,
Eiber School Community Garden,EIB,7/1,EIB-pre-c-a,Control,149.82,28,95.39,56.49,160,Yes,,,
KCAA Community Studio Garden,KCA,7/18,KCA-pre-c,Control,58.21,38,71.23,42,60,No,,,
Samuels School Community Garden,SAM,7/18,SAM-pol2-t,Pollinated,118.98,25,90.6,57.17,110,No,,,
Samuels School Community Garden,SAM,7/18,SAM-pol2-c,Control,64.55,81,80.46,40.75,60,No,,,
Ruby Hill Park Community Garden,RUB,7/18,RUB-pre-c,Control,144.98,57,89.25,59.58,140,No,,,
Greenway Community Garden,GRE,7/18,GRE-pol2-t,Pollinated,109.11,166,112.89,39.81,110,Yes,,,
Cook Park Community Garden,COO,7/18,COO-pre-t,Pollinated,239.67,129,134.74,54.65,240,Yes,,,
Palmer School Community Garden,PAL,7/18,PAL-pre-c,Control,117.5,11,95.86,49.59,120,No,,,
Palmer School Community Garden,PAL,7/18,PAL-pol1-t,Pollinated,135.59,55,101,40.68,120,No,,,
KCAA Community Studio Garden,KCA,7/15,KCA-pol1-c,Control,128.19,76,99.72,43.72,130,No,,,
Ruby Hill Park Community Garden,RUB,7/18,RUB-pre-t,Pollinated,170.84,39,90.32,59.83,170,No,,,
Charles Hay Community Garden,CHA,7/18,CHA-pre-c,Control,146.77,63,87.55,59.93,150,No,,,
Park Hill School Garden,PAR,7/18,PAR-pre-t,Pollinated,123.78,28,89.5,61.05,120,No,,,
Gabriel Cam Memorial Community Garden,GABR,7/18,GABR-pol1-t,Pollinated,154.88,135,108.9,51.45,150,Yes,,,
Edison School Community Garden,EDI,7/18,EDI-pre-c,Control,206.4,60,115.96,55.78,200,Yes,,,
Applewood Community Garden,APP,7/18,APP-pre-c,Control,88.11,16,98.21,33.64,80,No,,,
Ruby Hill Park Community Garden,RUB,7/18,RUB-pol2-c,Control,195.38,52,103.88,63.14,200,No,,,
Steck School Community Garden,STE,7/22,STE-pre-c,Control,155.85,38,105.41,56.65,150,No,,,
Cook Park Community Garden,COO,7/22,COO-pre-t,Pollinated,184.19,39,109.07,59.46,190,No,,,
Market Station Community Garden,MAR,7/22,MAR-pre-t,Pollinated,155.64,40,86.47,57.78,160,No,,,
Greenway Community Garden,GRE,7/22,GRE-pre-c,Control,248.43,129,133.4,58.24,250,Yes,,,
Gabriel Cam Memorial Community Garden,GABR,7/22,GABR-pre-c,Control,195.27,70,108,55.94,200,Yes,,,
Park Hill School Garden,PAR,7/22,PAR-pre-c,Control,208.04,108,131.5,53.38,210,Yes,,,
Park Hill School Garden,PAR,7/18,PAR-pre-t,Pollinated,139,15,90.11,61.24,150,No,,,
West Colfax Community Urban Garden,WES,7/22,WES-pol2-c,Control,163.82,53,90.41,61.95,130,No,,,
West Colfax Community Urban Garden,WES,7/22,WES-pre-t,Pollinated,117.88,21,82.36,53.85,130,No,,,
KCAA Community Studio Garden,KCA,7/22,KCA-pol2-t,Pollinated,87.45,25,95.14,32.4,90,No,,,
Shoshone Community Garden,SHO,7/22,SHO-pre-t,Pollinated,127.63,35,104.25,42.27,170,No,,,
Charles Hay Community Garden,CHA,7/25,CHA-pre-t,Pollinated,70.01,10,71.87,46.74,70,No,browning,,
Charles Hay Community Garden,CHA,7/25,CHA-pre-c,Control,66.4,41,66.81,43.77,70,No,browning,,
Gabriel Cam Memorial Community Garden,GABR,7/25,GABR-po2-t,Pollinated,219.69,61,118.56,61.59,230,No,,,
Charles Hay Community Garden,CHA,7/25,CHA-pre-t,Pollinated,167.84,89,101.73,59.1,160,No,,,
Gabriel Cam Memorial Community Garden,GABR,7/25,GABR-pol1-c,Control,170.33,115,112.08,49.32,170,Yes,,,
Greenway Community Garden,GRE,7/25,GRE-pol1-t,Pollinated,230.5,87,114.13,58.97,240,Yes,,,
Charles Hay Community Garden,CHA,7/29,CHA-pol2-t,Pollinated,82.4,28,75.04,49.37,70,No,,,
Greenway Community Garden,GRE,8/1,GRE-pol1-C,Control,300.31,120,126.82,62.51,310,Yes,,,
Market Station Community Garden,MAR,7/29,MAR-pol1-t,Pollinated,122.24,14,78.31,57.78,120,No,,,
Park Hill School Garden,PAR,8/1,PAR-pol2-t,Pollinated,153.43,107,102.58,50.39,150,Yes,,,
Steck School Community Garden,STE,8/1,STE-pol2-t,Pollinated,108.11,43,80.67,49.12,110,No,,,
Cook Park Community Garden,COO,7/29,COO-pre-t-B,Pollinated,237.34,152,132.51,54.82,250,Yes,,,
Greenway Community Garden,GRE,8/1,GRE-pol2-t,Pollinated,257.4,88,127.01,59.74,270,Yes,,,
Park Hill School Garden,PAR,8/1,PAR-pol1-c,Control,148.63,145,103.29,53.05,150,Yes,,,
Greenway Community Garden,GRE,8/1,GRE-pre-t-B,Pollinated,222.26,165,135.3,59.24,230,Yes,,,
Gabriel Cam Memorial Community Garden,GABR,8/1,GABR-pol1-t,Pollinated,180.38,46,112.78,56.33,190,Yes,,,
Greenway Community Garden,GRE,8/1,GRE-pre-t-A,Pollinated,186.66,113,116.78,55.29,180,Yes,,,
Shoshone Community Garden,SHO,7/31,SHO-pol2-t,Pollinated,198.48,63,111.01,54.62,200,Yes,,,
Gabriel Cam Memorial Community Garden,GABR,8/1,GABR-pol2-C,Control,130.43,88,104.04,50.18,120,No,,,
Market Station Community Garden,MAR,7/29,MAR-pol2-c,Control,143.64,50,104.75,53.77,140,No,,,
Charles Hay Community Garden,CHA,7/29,CHA-pol1-c,Control,115.89,64,77.75,56.73,110,No,,,
Park Hill School Garden,PAR,7/29,PAR-pol2-c,Control,158.41,55,104.73,59.01,170,No,,,
Market Station Community Garden,MAR,7/29,MAR-pol2-t,Pollinated,160.16,37,90.13,61.91,150,No,,,
Park Hill School Garden,PAR,7/29,PAR-pre-c,Control,112.12,40,79.66,48.86,110,No,,,
Samuels School Community Garden,SAM,7/29,SAM-pol1-t,Pollinated,49.99,15,62.35,44.58,50,No,,,
Greenway Community Garden,GRE,7/29,GRE-pol2-t,Pollinated,300.81,136,144.66,62.05,300,Yes,,,
Cook Park Community Garden,COO,7/29,COO-pre-t-a,Pollinated,197.27,130,110.56,57.34,200,Yes,,,
Greenway Community Garden,GRE,8/11,GRE-pol2-c-a,Control,192.68,112,123.4,53.56,190,No,,,
Cook Park Community Garden,COO,8/11,COO-pol2-t,Pollinated,100.14,30,69.95,55.19,100,No,,,
Ruby Hill Park Community Garden,RUB,8/11,RUB-pol2-c,Control,200.16,65,120.76,53.18,200,Yes,,,
Greenway Community Garden,GRE,8/11,GRE-pol2-c-b,Control,247.76,134,135.6,62.55,250,Yes,,,
Greenway Community Garden,GRE,8/11,GRE-pol1-c,Control,218.7,125,117.34,56.19,220,No,,,
Gables School and Community Garden,GABL,8/1,GABL-pol2-c,Control,229.5,134,113.51,60.57,230,No,,,
Slater Elementary School Community Garden,SLA,8/1,SLA-pre-c,Control,166.47,37,86.6,62.08,170,No,,,
Cook Park Community Garden,COO,8/14,COO-pre-t,Pollinated,283.77,149,131.73,64.43,290,No,,,
Greenway Community Garden,GRE,8/14,GRE-pre-t,Pollinated,223.24,138,124.93,61.27,220,No,,,
Park Hill School Garden,PAR,8/14,PAR-pol1-t,Pollinated,223.22,94,90.61,62.63,230,Yes,,,
GW School and Community Garden,GW,8/8,GW-pol1-c,Control,240.99,49,107.38,60.15,240,Yes,,,
Edison School Community Garden,EDI,7/29,EDI-pre-t-a,Pollinated,111.42,64,92.34,52.12,120,No,,,
Sabin School Garden,SAB,7/29,SAB-pol2-c,Control,154.68,41,93.01,61.43,150,No,,,
Gabriel Cam Memorial Community Garden,GABR,8/8,GABR-pre-t,Pollinated,161.18,30,108.5,54.09,180,Yes,,,
Steck School Community Garden,STE,8/8,STE-pol2-t,Pollinated,187.7,39,113.05,52.62,210,Yes,,,
Edison School Community Garden,EDI,7/29,EDI-pre-t-b,Pollinated,183.1,62,96.3,64.14,200,No,,,
Cook Park Community Garden,COO,8/8,COO-pol1-t,Pollinated,202.57,91,124.94,54.47,230,Yes,,,
Shoshone Community Garden,SHO,8/14,SHO-pol1-t,Pollinated,266.1,101,138.02,60.75,280,Yes,,,
Sabin School Garden,SAB,8/14,SAB-pol1-c,Control,140.1,56,96.2,53.33,140,Yes,very yellow,,
Sabin School Garden,SAB,8/14,SAB-pre-t-b,Pollinated,93.03,55,89.92,45.55,90,No,,,
Sabin School Garden,SAB,8/14,SAB-pre-c,Control,138.31,49,86.2,55.69,140,Yes,,,
Eiber School Community Garden,EIB,8/14,EIB-pol1-c-a,Control,126.49,40,101.43,51.62,130,No,,,
Eiber School Community Garden,EIB,8/14,EIB-pol1-c-b,Control,152.74,53,97.45,54.59,155,Yes,,,
Edison School Community Garden,EDI,8/14,EDI-pre-c,Control,168.17,64,97.31,59.51,180,Yes,,,
Applewood Community Garden,APP,8/14,APP-pol-t,Pollinated,94.34,33,79.53,49.38,90,No,,,
Sabin School Garden,SAB,8/14,SAB-pol2-t,Pollinated,212.67,59,117.63,60.55,210,Yes,,,
West Colfax Community Urban Garden,WES,8/14,WES-pol1-t,Pollinated,113.83,22,83.29,50.99,110,Yes,,,
Sabin School Garden,SAB,8/14,SAB-pre-t-a,Pollinated,195.04,39,111.45,56.61,190,Yes,,,
Shoshone Community Garden,SHO,8/14,SHO-pol1-c,Control,235.98,109,125.42,58.57,240,Yes,,,
Applewood Community Garden,APP,8/14,APP-pre-t,Pollinated,47.8,4,71.04,29.55,50,No,"maybe picked too early, not yellowing",,
Slater Elementary School Community Garden,SLA,8/14,SLA-pol1-c,Control,113.53,34,83.78,50.84,120,Yes,,,
KCAA Community Studio Garden,KCA,8/14,KCA-pre-c,Control,48.43,24,63.34,35.1,120,No,,,
Edison School Community Garden,EDI,8/14,EDI-pol2-c,Control,67.65,25,63.46,44.84,65,No,,,
Slater Elementary School Community Garden,SLA,8/14,SLA-pol2-c,Control,157.26,113,106.48,50.22,160,Yes,,,
Slater Elementary School Community Garden,SLA,8/14,SLA-pol1-t,Pollinated,92.18,59,85.83,44.97,95,Yes,,,
Greenway Community Garden,GRE,8/14,GRE-pol2-c,Control,154.75,76,109.39,52.31,160,Yes,,,
Edison School Community Garden,EDI,8/14,EDI-pol2-t,Pollinated,102.83,10,85.3,48.49,100,Yes,,,
Gables School and Community Garden,GABL,8/14,GABL-pre-c,Control,91.14,23,81.35,47.85,100,No,,,
Edison School Community Garden,EDI,8/14,EDI-pol1-c,Control,198.97,41,109.61,62.22,205,Yes,,,
West Colfax Community Urban Garden,WES,8/14,WES-pre-c,Control,67.81,12,69.12,45.18,,No,,,
Greenway Community Garden,GRE,8/6,GRE-pre-c,Control,199.91,80,112.01,58.18,200,Yes,,,
West Colfax Community Urban Garden,WES,8/8,WES-pol1-c,Control,115.88,15,83.43,52.68,110,Yes,,,
KCAA Community Studio Garden,KCA,8/8,KCA-pre-t,Pollinated,102,37,84.11,53.75,100,No,,,
Sabin School Garden,SAB,8/8,SAB-pol2-t,Pollinated,149.91,27,93.53,57.82,140,No,,,
Greenway Community Garden,GRE,8/6,GRE-pol1-t,Pollinated,275.16,124,136,60.18,275,Yes,,,
Slater Elementary School Community Garden,SLA,8/14,SLA-pre-t-a,Pollinated,63.34,74,61.58,44.77,65,No,"picked too early, no yellowing",,
Slater Elementary School Community Garden,SLA,8/14,SLA-pre-t-b,Pollinated,30.91,32,60.94,32.73,30,Yes,"picked too early, no yellowing",,
Greenway Community Garden,GRE,8/20,GRE-pol1-c,Control,135.32,106,98.84,49.96,140,Yes,,,
Gables School and Community Garden,GABL,8/20,GABL-pol2-t,Pollinated,90.31,21,74.82,48.17,90,No,,,
Slater Elementary School Community Garden,SLA,8/20,SLA-pol2-c,Control,125.1,44,85.08,52.4,130,Yes,,,
Greenway Community Garden,GRE,8/20,GRE-pol1-t-a,Pollinated,147.23,127,81.8,59.27,160,Yes,,,
Greenway Community Garden,GRE,8/20,GRE-pol1-t-b,Pollinated,66.92,48,73.45,44.13,70,No,,,
Greenway Community Garden,GRE,8/20,GRE-pol1-t-c,Pollinated,75.7,66,66.92,50.12,80,No,,,
Slater Elementary School Community Garden,SLA,8/20,SLA-pol2-t,Pollinated,77.36,67,76.51,42.57,80,Yes,"picked early, not yellowing",,
Shoshone Community Garden,SHO,8/20,SHO-pol1-t,Pollinated,145.06,72,90.77,53.27,150,Yes,,,
Greenway Community Garden,GRE,8/20,GRE-pre-c,Control,188.84,115,103.15,57.48,200,Yes,,,
Gables School and Community Garden,GABL,8/20,GABL-pol2-c,Control,80.66,50,69.11,53.37,85,No,,,
Gables School and Community Garden,GABL,8/20,GABL-pol1-c,Control,63.11,20,56.87,49.09,60,No,,,
Edison School Community Garden,EDI,8/20,EDI-pol1-t,Pollinated,67.33,19,61.53,52.93,70,No,,,
KCAA Community Studio Garden,KCA,8/20,KCA-pol2-t,Pollinated,36.31,9,70.46,34.1,40,Yes,"picked early, not yellowing",,