Site,site_code,date,pre_or_post,leaf_code,tot_leaf_area(cm),herbivory_area(cm),percent_herb
Market Station,MAR,7/22/25,PRE,MAR-PRE-T-1,99.243,0,0
Market Station,MAR,7/22/25,PRE,MAR-PRE-T-2,30.84,0,0
Market Station,MAR,7/22/2025,PRE,MAR-PRE-T-3,61.61,0.201,0.003262457393
Market Station,MAR,7/22/25,PRE,MAR-PRE-C-3,46.421,0,0
Market Station,MAR,7/22/2025,PRE,MAR-PRE-C-1,128.989,0,0
Market Station,MAR,7/22/25,PRE,MAR-PRE-C-2,163.106,0.659,0.00404031734
Ruby Hill,RUB,7/22/25,PRE,RUB-PRE-T-1,30.77,0,0
Ruby Hill,RUB,7/22/25,PRE,RUB-PRE-T-2,35.871,3.103,0.08650441861
Ruby Hill,RUB,7/22/25,PRE,RUB-PRE-T-3,68.51,1.1,0.01605605021
Ruby Hill,RUB,7/22/25,PRE,RUB-PRE-C-1,31.82,0,0
Ruby Hill,RUB,7/22/25,PRE,RUB-PRE-C-2,45.28,0,0
Ruby Hill,RUB,7/22/25,PRE,RUB-PRE-C-3,19.72,0,0
Charles Hay,CHA,7/22/25,PRE,CHA-PRE-T-1,51.654,0,0
Charles Hay,CHA,7/22/25,PRE,CHA-PRE-T-2,63.987,0,0
Charles Hay,CHA,7/22/25,PRE,CHA-PRE-T-3,104.665,0,0
Charles Hay,CHA,7/22/25,PRE,CHA-PRE-C-1,71.305,0,0
Charles Hay,CHA,7/22/25,PRE,CHA-PRE-C-2,28.064,0,0
Charles Hay,CHA,7/22/25,PRE,CHA-PRE-C-3,69.815,0,0
Cook Park,COO,7/22/25,PRE,COO-PRE-T-1,234.81,0,0
Cook Park,COO,7/22/25,PRE,COO-PRE-T-2,57.34,0,0
Cook Park,COO,7/22/25,PRE,COO-PRE-T-3,154.28,0,0
Cook Park,COO,7/22/25,PRE,COO-PRE-C-1,34.04,0,0
Cook Park,COO,7/22/25,PRE,COO-PRE-C-2,72.66,0.294,0.004046242775
Cook Park,COO,7/22/25,PRE,COO-PRE-C-3,31.94,0,0
GW School,GW,7/22/25,PRE,GW-PRE-T-1,215.1,0.615,0.002859135286
GW School,GW,7/22/25,PRE,GW-PRE-T-2,112.79,0,0
GW School,GW,7/22/25,PRE,GW-PRE-T-3,151.49,2.261,0.01492507756
GW School,GW,7/22/25,PRE,GW-PRE-C-1,60.84,0.502,0.008251150559
GW School,GW,7/22/25,PRE,GW-PRE-C-2,154.09,0,0
GW School,GW,7/22/25,PRE,GW-PRE-C-3,33.983,0,0
Steck,STE,7/22/25,PRE,STE-PRE-T-1,80.05,0,0
Steck,STE,7/22/25,PRE,STE-PRE-T-2,43.689,0,0
Steck,STE,7/22/25,PRE,STE-PRE-T-3,64.744,0,0
Steck,STE,7/22/25,PRE,STE-PRE-C-1,81.599,0.733,0.008982953222
Steck,STE,7/22/25,PRE,STE-PRE-C-2,42.257,0.202,0.004780273091
Steck,STE,7/22/25,PRE,STE-PRE-C-3,20.149,0,0
Park Hill,PAR,7/22/25,PRE,PAR-PRE-T-1,39.225,0,0
Park Hill,PAR,7/22/25,PRE,PAR-PRE-T-2,29.903,0,0
Park Hill,PAR,7/22/25,PRE,PAR-PRE-T-3,21.122,0,0
Park Hill,PAR,7/22/25,PRE,PAR-PRE-C-1,10.92,0.286,0.02619047619
Park Hill,PAR,7/22/25,PRE,PAR-PRE-C-2,21.211,0,0
Park Hill,PAR,7/22/25,PRE,PAR-PRE-C-3,19.432,0,0
Greenway,GRE,7/22/25,PRE,GRE-PRE-T-1,51.584,0,0
Greenway,GRE,7/22/25,PRE,GRE-PRE-T-2,46.115,0,0
Greenway,GRE,7/22/25,PRE,GRE-PRE-T-3,67.819,0,0
Greenway,GRE,7/22/25,PRE,GRE-PRE-C-1,44.333,0,0
Greenway,GRE,7/22/25,PRE,GRE-PRE-C-2,43.699,0.832,0.01903933728
Greenway,GRE,7/22/25,PRE,GRE-PRE-C-3,30.236,0,0
Gabriel Cam,GABR,7/22/25,PRE,GABR-PRE-C-1,57.18,0.769,0.01344875831
Gabriel Cam,GABR,7/22/25,PRE,GABR-PRE-C-2,23.567,0,0
Gabriel Cam,GABR,7/22/25,PRE,GABR-PRE-C-3,33.811,0,0
Gabriel Cam,GABR,7/22/25,PRE,GABR-PRE-T-1,37.724,0,0
Gabriel Cam,GABR,7/22/25,PRE,GABR-PRE-T-2,34.453,0,0
Gabriel Cam,GABR,7/22/25,PRE,GABR-PRE-T-3,50.409,0,0
Palmer,PAL,7/22/25,PRE,PAL-POL2-C-1,53.874,0,0
Palmer,PAL,7/22/25,PRE,PAL-POL2-C-2,75.36,0,0
Palmer,PAL,7/22/25,PRE,PAL-POL2-C-3,101.286,1.306,0.01289418083
Palmer,PAL,7/22/25,PRE,PAL-PRE-T-1,54.313,0,0
Palmer,PAL,7/22/25,PRE,PAL-PRE-T-2,39.81,0,0
Palmer,PAL,7/22/25,PRE,PAL-PRE-T-3,27.276,0,0
Samuels,SAM,7/22/25,PRE,SAM-PRE-T-1,50.978,0,0
Samuels,SAM,7/22/25,PRE,SAM-PRE-T-2,44.719,0,0
Samuels,SAM,7/22/25,PRE,SAM-PRE-T-3,23.256,0,0
Samuels,SAM,7/22/25,PRE,SAM-PRE-C-1,39.488,0,0
Samuels,SAM,7/22/25,PRE,SAM-PRE-C-2,35.077,0,0
Samuels,SAM,7/22/25,PRE,SAM-PRE-C-3,31.24,0,0
Market Station,MAR,7/25/25,POST,MAR-PRE-T-1,75.15,0,0
Market Station,MAR,7/25/25,POST,MAR-PRE-T-2,26.382,0,0
Market Station,MAR,7/25/25,POST,MAR-PRE-T-3,73.413,0.302,0.00411371283
Market Station,MAR,7/25/25,POST,MAR-PRE-C-1,151.538,0,0
Market Station,MAR,7/25/25,POST,MAR-PRE-C-2,143.019,1.214,0.008488382662
Market Station,MAR,7/25/25,POST,MAR-PRE-C-3,52.858,0,0
Ruby Hill,RUB ,7/25/25,POST,RUB-PRE-C-1,37.183,0.179,0.004814027916
Ruby Hill,RUB ,7/25/25,POST,RUB-PRE-C-2,43.9991,0,0
Ruby Hill,RUB ,7/25/25,POST,RUB-PRE-C-3,21.267,0,0
Ruby Hill,RUB ,7/25/25,POST,RUB-PRE-T-1,62.756,0,0
Ruby Hill,RUB ,7/25/25,POST,RUB-PRE-T-2,48.489,5.025,0.1036317515
Ruby Hill,RUB ,7/25/25,POST,RUB-PRE-T-3,85.786,0,0
Charles Hay,CHA,7/25/25,POST,CHA-PRE-C-1,64.934,0,0
Charles Hay,CHA,7/25/25,POST,CHA-PRE-C-2,35.929,0,0
Charles Hay,CHA,7/25/25,POST,CHA-PRE-C-3,60.914,0,0
Charles Hay,CHA,7/25/25,POST,CHA-PRE-T-1,65.549,0,0
Charles Hay,CHA,7/25/25,POST,CHA-PRE-T-2,,,#DIV/0!
Charles Hay,CHA,7/25/25,POST,CHA-PRE-T-3,96.093,0,0
Cook Park,COO,7/25/25,POST,COO-PRE-C-1,43.699,0,0
Cook Park,COO,7/25/25,POST,COO-PRE-C-2,28.872,0,0
Cook Park,COO,7/25/25,POST,COO-PRE-C-3,55.288,0.36,0.006511358704
Cook Park,COO,7/25/25,POST,COO-PRE-T-1,174.055,0,0
Cook Park,COO,7/25/25,POST,COO-PRE-T-2,57.415,0,0
Cook Park,COO,7/25/25,POST,COO-PRE-T-3,183.633,1.69,0.009203138869
GW School,GW,7/25/25,POST,GW-PRE-C-1,74.73,0,0
GW School,GW,7/25/25,POST,GW-PRE-C-2,140.915,0,0
GW School,GW,7/25/25,POST,GW-PRE-C-3,42.869,0,0
GW School,GW,7/25/25,POST,GW-PRE-T-1,228.01,0.593,0.002600763124
GW School,GW,7/25/25,POST,GW-PRE-T-2,110.238,0.827,0.007501950326
GW School,GW,7/25/25,POST,GW-PRE-T-3,116.147,0,0
Samuels,SAM,7/25/25,POST,SAM-PRE-T-1,40.958,0,0
Samuels,SAM,7/25/25,POST,SAM-PRE-T-2,43.02,0,0
Samuels,SAM,7/25/25,POST,SAM-PRE-T-3,28.987,0,0
Samuels,SAM,7/25/25,POST,SAM-PRE-C-1,61.746,0,0
Samuels,SAM,7/25/25,POST,SAM-PRE-C-2,39.477,0,0
Samuels,SAM,7/25/25,POST,SAM-PRE-C-3,46.355,0,0
Greenway,GRE,7/25/25,POST,GRE-PRE-T-1,63.961,0.469,0.007332593299
Greenway,GRE,7/25/25,POST,GRE-PRE-T-2,62.014,0.269,0.00433773019
Greenway,GRE,7/25/25,POST,GRE-PRE-T-3,39.129,0,0
Greenway,GRE,7/25/25,POST,GRE-PRE-C-1,50.028,0,0
Greenway,GRE,7/25/25,POST,GRE-PRE-C-2,56.435,0,0
Greenway,GRE,7/25/25,POST,GRE-PRE-C-3,45.103,0,0
Steck,STE,7/25/25,POST,STE-PRE-C-1,85.076,0.833,0.009791245475
Steck,STE,7/25/25,POST,STE-PRE-C-2,42.028,0.174,0.004140097078
Steck,STE,7/25/25,POST,STE-PRE-C-3,19.864,0.279,0.01404550946
Steck,STE,7/25/25,POST,STE-PRE-T-1,82.79,0,0
Steck,STE,7/25/25,POST,STE-PRE-T-2,52.137,0.256,0.004910140591
Steck,STE,7/25/25,POST,STE-PRE-T-3,77.363,0.647,0.008363171025
Gabriel Cam,GABR,7/25/25,POST,GABR-PRE-T-1,57.258,0,0
Gabriel Cam,GABR,7/25/25,POST,GABR-PRE-T-2,48.699,0.584,0.01199203269
Gabriel Cam,GABR,7/25/25,POST,GABR-PRE-T-3,54.308,0,0
Gabriel Cam,GABR,7/25/25,POST,GABR-PRE-C-1,58.06,0.812,0.01398553221
Gabriel Cam,GABR,7/25/25,POST,GABR-PRE-C-2,25.907,0,0
Gabriel Cam,GABR,7/25/25,POST,GABR-PRE-C-3,21.051,0,0
Palmer,PAL,7/25/25,POST,PAL-POL2-C-1,42.546,1.536,0.03610210126
Palmer,PAL,7/25/25,POST,PAL-POL2-C-2,70.211,0,0
Palmer,PAL,7/25/25,POST,PAL-POL2-C-3,87.554,2.907,0.03320236654
Palmer,PAL,7/25/25,POST,PAL-PRE-T-1,51.567,0,0
Palmer,PAL,7/25/25,POST,PAL-PRE-T-2,45.28,0,0
Palmer,PAL,7/25/25,POST,PAL-PRE-T-3,28.807,0,0
Park Hill,PAR,7/25/25,POST,PAR-PRE-C-1,42.129,0,0
Park Hill,PAR,7/25/25,POST,PAR-PRE-C-2,32.64,0,0
Park Hill,PAR,7/25/25,POST,PAR-PRE-C-3,20.186,0,0
Park Hill,PAR,7/25/25,POST,PAR-PRE-T-1,20.072,0,0
Park Hill,PAR,7/25/25,POST,PAR-PRE-T-2,33.751,0,0
Park Hill,PAR,7/25/25,POST,PAR-PRE-T-3,19.481,0,0
West Colfax,WES,7/25/25,POST,WES-PRE-T-1,54.828,0,0
West Colfax,WES,7/25/25,POST,WES-PRE-T-2,45.993,0,0
West Colfax,WES,7/25/25,POST,WES-PRE-T-3,92.414,1.19,0.01287683684
West Colfax,WES,7/25/25,POST,WES-POL2-C-1,42.946,0,0
West Colfax,WES,7/25/25,POST,WES-POL2-C-2,67.317,0,0
West Colfax,WES,7/25/25,POST,WES-POL2-C-3,37.461,0,0
KCAA,KCA,7/25/25,POST,KCA-POL2-T-1,88.479,0,0
KCAA,KCA,7/25/25,POST,KCA-POL2-T-2,57.33,0,0
KCAA,KCA,7/25/25,POST,KCA-POL2-T-3,73.573,0,0
KCAA,KCA,7/25/25,POST,KCA-POL2-T-4,97.768,0,0
KCAA,KCA,7/25/25,POST,KCA-POL2-T-5,77.099,0,0
KCAA,KCA,7/25/25,POST,KCA-POL2-T-6,39.413,0,0
Sabin,SAB,7/25/25,POST,SAB-PRE-T-1,135.724,0,0
Sabin,SAB,7/25/25,POST,SAB-PRE-T-2,92.978,0.985,0.01059390393
Sabin,SAB,7/25/25,POST,SAB-PRE-T-3,60.587,0,0
Sabin,SAB,7/25/25,POST,SAB-PRE-C-1,197.56,2.082,0.01053857056
Sabin,SAB,7/25/25,POST,SAB-PRE-C-2,113.854,0,0
Sabin,SAB,7/25/25,POST,SAB-PRE-C-3,58.399,0,0
Jefferson,JEF,7/25/25,POST,JEF-PRE-T-1,92.273,2.926,0.0317102511
Jefferson,JEF,7/25/25,POST,JEF-PRE-T-2,80.689,4.102,0.05083716492
Jefferson,JEF,7/25/25,POST,JEF-PRE-T-3,15.723,0,0
Jefferson,JEF,7/25/25,POST,JEF-POL1-C-1,199.775,0,0
Jefferson,JEF,7/25/25,POST,JEF-POL1-C-2,83.47,1.843,0.02207978915
Jefferson,JEF,7/25/25,POST,JEF-POL1-C-3,30.075,0,0
Gables,GABL,7/25/25,POST,GABL-POL2-C-1,71.641,0,0
Gables,GABL,7/25/25,POST,GABL-POL2-C-2,75.213,0,0
Gables,GABL,7/25/25,POST,GABL-POL2-C-3,147.28,2.07,0.01405486149
Gables,GABL,7/25/25,POST,GABL-PRE-C-1,77.77,0,0
Gables,GABL,7/25/25,POST,GABL-PRE-C-2,55.109,0,0
Gables,GABL,7/25/25,POST,GABL-PRE-C-3,68.366,0,0
Eiber,EIB,7/25/25,POST,EIB-POL2-C-1,29.709,0,0
Eiber,EIB,7/25/25,POST,EIB-POL2-C-2,24.936,0,0
Eiber,EIB,7/25/25,POST,EIB-POL2-C-3,17.424,0,0
Eiber,EIB,7/25/25,POST,EIB-POL1-C-1,24.12,0,0
Eiber,EIB,7/25/25,POST,EIB-POL1-C-2,26.409,0,0
Eiber,EIB,7/25/25,POST,EIB-POL1-C-3,27.386,0,0
Applewood,APP,7/25/25,POST,APP-POL2-T-1,81.286,4.215,0.05185394779
Applewood,APP,7/25/25,POST,APP-POL2-T-2,48.602,0,0
Applewood,APP,7/25/25,POST,APP-POL2-T-3,49.557,0,0
Applewood,APP,7/25/25,POST,APP-PRE-C-1,52.255,0,0
Applewood,APP,7/25/25,POST,APP-PRE-C-2,47.063,0,0
Applewood,APP,7/25/25,POST,APP-PRE-C-3,102.257,0.662,0.006473884428
Slater,SLA,7/25/25,POST,SLA-POL2-T-1,89.281,0,0
Slater,SLA,7/25/25,POST,SLA-POL2-T-2,72.628,0,0
Slater,SLA,7/25/25,POST,SLA-POL2-T-3,76.214,0,0
Slater,SLA,7/25/25,POST,SLA-POL2-C-1,69.448,0,0
Slater,SLA,7/25/25,POST,SLA-POL2-C-2,44.654,0,0
Slater,SLA,7/25/25,POST,SLA-POL2-C-3,48.348,0,0
Shoshone,SHO,7/25/25,POST,SHO-PRE-T-1,172.166,0,0
Shoshone,SHO,7/25/25,POST,SHO-PRE-T-2,123.411,0,0
Shoshone,SHO,7/25/25,POST,SHO-PRE-T-3,77.024,0.473,0.006140943083
Shoshone,SHO,7/25/25,POST,SHO-POL1-C-1,166.461,0,0
Shoshone,SHO,7/25/25,POST,SHO-POL1-C-2,162.643,0.628,0.003861217513
Shoshone,SHO,7/25/25,POST,SHO-POL1-C-3,51.916,0,0
Edison,EDI,7/25/25,POST,EDI-PRE-C-2,135.926,0,0
Edison,EDI,7/25/25,POST,EDI-PRE-C-3,118.643,0,0
Edison,EDI,7/25/25,POST,EDI-PRE-T-1,167.886,5.82,0.03466638076
Edison,EDI,7/25/25,POST,EDI-PRE-T-2,55.353,0,0
Edison,EDI,7/25/25,POST,EDI-PRE-T-3,93.806,1.534,0.01635289854
West Colfax,WES,7/22/25,PRE,WES-PRE-T-1,48.186,0,0
West Colfax,WES,7/22/25,PRE,WES-PRE-T-2,44.094,0,0
West Colfax,WES,7/22/25,PRE,WES-PRE-T-3,115.007,0,0
West Colfax,WES,7/22/25,PRE,WES-POL2-C-1,35.472,0,0
West Colfax,WES,7/22/25,PRE,WES-POL2-C-2,55.293,0,0
West Colfax,WES,7/22/25,PRE,WES-POL2-C-3,52.621,0,0
KCAA,KCA,7/22/25,PRE,KCA-POL2-T-1,100.392,0,0
KCAA,KCA,7/22/25,PRE,KCA-POL2-T-2,51.617,0,0
KCAA,KCA,7/22/25,PRE,KCA-POL2-T-3,60.935,0,0
KCAA,KCA,7/22/25,PRE,KCA-PRE-C-1,85.61,0,0
KCAA,KCA,7/22/25,PRE,KCA-PRE-C-2,56.465,0,0
KCAA,KCA,7/22/25,PRE,KCA-PRE-C-3,34.292,0,0
Sabin,SAB,7/22/25,PRE,SAB-PRE-T-1,107.98,0,0
Sabin,SAB,7/22/25,PRE,SAB-PRE-T-2,81.977,0,0
Sabin,SAB,7/22/25,PRE,SAB-PRE-T-3,48.153,0,0
Sabin,SAB,7/22/25,PRE,SAB-PRE-C-1,202.277,0,0
Sabin,SAB,7/22/25,PRE,SAB-PRE-C-2,115.193,0,0
Sabin,SAB,7/22/25,PRE,SAB-PRE-C-3,58.812,0,0
Jefferson,JEF,7/22/25,PRE,JEF-PRE-T-1,96.716,1.611,0.01665701642
Jefferson,JEF,7/22/25,PRE,JEF-PRE-T-2,80.229,2.745,0.03421456082
Jefferson,JEF,7/22/25,PRE,JEF-PRE-T-3,35.438,0,0
Jefferson,JEF,7/22/25,PRE,JEF-POL1-C-1,194.774,0.376,0.001930442462
Jefferson,JEF,7/22/25,PRE,JEF-POL1-C-2,93.472,1.617,0.01729929819
Jefferson,JEF,7/22/25,PRE,JEF-POL1-C-3,34.987,0,0
Gables,GABL,7/22/25,PRE,GABL-POL2-C-1,64.833,0,0
Gables,GABL,7/22/25,PRE,GABL-POL2-C-2,76.316,0,0
Gables,GABL,7/22/25,PRE,GABL-POL2-C-3,146.855,0.437,0.002975724354
Gables,GABL,7/22/25,PRE,GABL-PRE-C-1,85.724,0,0
Gables,GABL,7/22/25,PRE,GABL-PRE-C-2,83.633,0,0
Gables,GABL,7/22/25,PRE,GABL-PRE-C-3,82.315,0,0
Eiber,EIB,7/22/25,PRE,EIB-POL2-C-1,40.06,0,0
Eiber,EIB,7/22/25,PRE,EIB-POL2-C-2,30.957,0,0
Eiber,EIB,7/22/25,PRE,EIB-POL2-C-3,14.272,0,0
Eiber,EIB,7/22/25,PRE,EIB-POL1-C-1,29.163,0,0
Eiber,EIB,7/22/25,PRE,EIB-POL1-C-2,31.659,0,0
Eiber,EIB,7/22/25,PRE,EIB-POL1-C-3,23.166,0,0
Applewood,APP,7/22/25,PRE,APP-POL2-T-1,95.23,3.954,0.04152052924
Applewood,APP,7/22/25,PRE,APP-POL2-T-2,46.883,0,0
Applewood,APP,7/22/25,PRE,APP-POL2-T-3,52.972,0,0
Applewood,APP,7/22/25,PRE,APP-PRE-C-1,45.269,0,0
Applewood,APP,7/22/25,PRE,APP-PRE-C-2,39.857,0,0
Applewood,APP,7/22/25,PRE,APP-PRE-C-3,105.757,0.431,0.004075380353
Slater,SLA,7/22/25,PRE,SLA-POL2-T-1,99.811,0,0
Slater,SLA,7/22/25,PRE,SLA-POL2-T-2,78.271,0,0
Slater,SLA,7/22/25,PRE,SLA-POL2-T-3,62.941,0,0
Slater,SLA,7/22/25,PRE,SLA-POL2-C-1,64.852,0,0
Slater,SLA,7/22/25,PRE,SLA-POL2-C-2,41.467,0,0
Slater,SLA,7/22/25,PRE,SLA-POL2-C-3,51.146,0,0
Edison,EDI,7/22/25,PRE,EDI-PRE-C-1,233.005,0,0
Edison,EDI,7/22/25,PRE,EDI-PRE-C-2,126.82,0,0
Edison,EDI,7/22/25,PRE,EDI-PRE-C-3,116.783,0,0
Edison,EDI,7/22/25,PRE,EDI-PRE-T-1,159.248,4.496,0.02823269366
Edison,EDI,7/22/25,PRE,EDI-PRE-T-2,69.495,0,0
Edison,EDI,7/22/25,PRE,EDI-PRE-T-3,115.722,2.667,0.02304661171
Shoshone,SHO,7/22/25,PRE,SHO-PRE-T-1,182.982,0,0
Shoshone,SHO,7/22/25,PRE,SHO-PRE-T-2,122.018,0,0
Shoshone,SHO,7/22/25,PRE,SHO-PRE-T-3,82.337,0.942,0.01144078604
Shoshone,SHO,7/22/25,PRE,SHO-POL1-C-1,164.774,0,0
Shoshone,SHO,7/22/25,PRE,SHO-POL1-C-2,134.639,1.04,0.007724359212
Shoshone,SHO,7/22/25,PRE,SHO-POL1-C-3,47.443,0,0